Ward,Latitude,Longitude,Crime_Type,Datetime,Hour,TimeSlot,DayOfWeek
Itwari,21.15039,79.099109,Assault_Violence,2025-05-21 11:24:36.537120,21,Evening,Wednesday
Mahal,21.18894,79.034294,Other,2024-11-20 13:24:36.537188,23,Evening,Wednesday
Dharampeth,21.157442,79.12282,Assault_Violence,2025-07-30 22:24:36.537217,8,Morning,Wednesday
Dharampeth,21.11789,79.115003,Other,2024-08-22 19:24:36.537239,5,Night,Thursday
Itwari,21.169448,79.024503,Other,2025-04-17 09:24:36.537260,19,Evening,Thursday
Itwari,21.121753,79.117642,Theft_Burglary,2025-07-12 11:24:36.537280,21,Evening,Saturday
Sadar,21.086326,79.135037,Theft_Burglary,2024-09-05 10:24:36.537297,20,Evening,Thursday
Dharampeth,21.173403,79.143573,Crimes_Against_Women,2024-10-23 06:24:36.537323,16,Afternoon,Wednesday
Jaripatka,21.16992,79.112835,Robbery_Snatching,2024-09-19 21:24:36.537340,7,Morning,Thursday
Ajni,21.166254,79.047201,Assault_Violence,2025-05-14 12:24:36.537358,22,Evening,Wednesday
Jaripatka,21.12266,79.100098,Assault_Violence,2025-06-27 13:24:36.537375,23,Evening,Friday
Sitabuldi,21.176198,79.041719,Theft_Burglary,2025-02-28 09:24:36.537393,19,Evening,Friday
Ajni,21.12555,79.08485,Theft_Burglary,2024-12-28 09:24:36.537411,19,Evening,Saturday
Mankapur,21.106079,79.021923,Crimes_Against_Women,2024-08-23 17:24:36.537430,3,Night,Friday
Jaripatka,21.080909,79.063947,Other,2024-09-18 21:24:36.537448,7,Morning,Wednesday
Manewada,21.161308,79.097332,Crimes_Against_Women,2024-12-23 08:24:36.537465,18,Evening,Monday
Sadar,21.196889,79.049077,Other,2024-10-08 09:24:36.537481,19,Evening,Tuesday
Dharampeth,21.191551,79.140219,Other,2025-05-09 07:24:36.537498,17,Afternoon,Friday
Mahal,21.15219,79.102155,Other,2024-10-14 11:24:36.537516,21,Evening,Monday
Hudkeshwar,21.119063,79.132434,Other,2025-03-11 13:24:36.537535,23,Evening,Tuesday
Sitabuldi,21.119032,79.074894,Other,2025-03-23 19:24:36.537553,5,Night,Sunday
Itwari,21.182663,79.05123,Crimes_Against_Women,2025-03-29 08:24:36.537571,18,Evening,Saturday
Ajni,21.111786,79.146683,Assault_Violence,2025-08-06 10:24:36.537588,20,Evening,Wednesday
Sadar,21.12135,79.141147,Crimes_Against_Women,2024-11-16 12:24:36.537604,22,Evening,Saturday
Itwari,21.1227,79.110744,Theft_Burglary,2025-04-06 10:24:36.537621,20,Evening,Sunday
Hudkeshwar,21.152384,79.100306,Robbery_Snatching,2024-12-14 11:24:36.537639,21,Evening,Saturday
Itwari,21.198993,79.047652,Other,2024-11-24 07:24:36.537656,17,Afternoon,Sunday
Dharampeth,21.115231,79.086976,Other,2025-07-05 11:24:36.537672,21,Evening,Saturday
Jaripatka,21.113785,79.024911,Crimes_Against_Women,2024-11-23 13:24:36.537689,23,Evening,Saturday
Dharampeth,21.198726,79.05424,Crimes_Against_Women,2025-04-25 00:24:36.537705,10,Morning,Friday
Mahal,21.112283,79.079298,Assault_Violence,2025-01-11 10:24:36.537723,20,Evening,Saturday
Dharampeth,21.134749,79.126311,Theft_Burglary,2025-07-13 11:24:36.537739,21,Evening,Sunday
Mankapur,21.193455,79.101596,Theft_Burglary,2024-08-27 12:24:36.537755,22,Evening,Tuesday
Mahal,21.133915,79.143508,Crimes_Against_Women,2024-12-10 08:24:36.537773,18,Evening,Tuesday
Ajni,21.198087,79.020848,Crimes_Against_Women,2024-12-15 08:24:36.537789,18,Evening,Sunday
Jaripatka,21.158367,79.121195,Other,2025-04-26 07:24:36.537805,17,Afternoon,Saturday
Hudkeshwar,21.08817,79.044039,Assault_Violence,2025-03-14 10:24:36.537823,20,Evening,Friday
Itwari,21.175012,79.057045,Theft_Burglary,2025-03-03 09:24:36.537839,19,Evening,Monday
Mahal,21.16667,79.106627,Crimes_Against_Women,2024-09-22 11:24:36.537854,21,Evening,Sunday
Itwari,21.135528,79.045437,Crimes_Against_Women,2024-10-24 11:24:36.537870,21,Evening,Thursday
Jaripatka,21.163904,79.094478,Other,2025-07-09 00:24:36.537937,10,Morning,Wednesday
Mankapur,21.163997,79.107048,Other,2024-12-28 13:24:36.537954,23,Evening,Saturday
Dharampeth,21.180604,79.115385,Crimes_Against_Women,2025-07-15 20:24:36.537970,6,Morning,Tuesday
Ajni,21.144035,79.104906,Theft_Burglary,2024-10-05 11:24:36.537986,21,Evening,Saturday
Sitabuldi,21.128858,79.04523,Theft_Burglary,2025-01-29 07:24:36.538003,17,Afternoon,Wednesday
Itwari,21.147106,79.076507,Robbery_Snatching,2025-04-09 09:24:36.538019,19,Evening,Wednesday
Jaripatka,21.112755,79.042765,Other,2025-03-23 08:24:36.538035,18,Evening,Sunday
Itwari,21.191864,79.065575,Crimes_Against_Women,2024-09-05 02:24:36.538051,12,Afternoon,Thursday
Jaripatka,21.198303,79.021887,Theft_Burglary,2025-07-26 13:24:36.538068,23,Evening,Saturday
Mahal,21.162191,79.107791,Crimes_Against_Women,2024-10-05 08:24:36.538085,18,Evening,Saturday
Hudkeshwar,21.103015,79.089924,Theft_Burglary,2025-01-20 01:24:36.538108,11,Morning,Monday
Jaripatka,21.126204,79.128124,Crimes_Against_Women,2024-11-16 17:24:36.538125,3,Night,Saturday
Mankapur,21.089638,79.062024,Other,2024-10-25 10:24:36.538142,20,Evening,Friday
Sadar,21.145145,79.073385,Robbery_Snatching,2025-03-06 10:24:36.538159,20,Evening,Thursday
Dharampeth,21.153069,79.02318,Crimes_Against_Women,2025-06-15 15:24:36.538175,1,Night,Sunday
Hudkeshwar,21.085387,79.074395,Assault_Violence,2025-07-26 06:24:36.538191,16,Afternoon,Saturday
Mahal,21.151893,79.032341,Robbery_Snatching,2025-02-27 07:24:36.538207,17,Afternoon,Thursday
Mahal,21.132816,79.037334,Assault_Violence,2024-11-05 10:24:36.538223,20,Evening,Tuesday
Mahal,21.143233,79.041229,Theft_Burglary,2024-10-21 08:24:36.538245,18,Evening,Monday
Mankapur,21.104799,79.110933,Crimes_Against_Women,2024-11-19 06:24:36.538262,16,Afternoon,Tuesday
Sitabuldi,21.134649,79.126948,Crimes_Against_Women,2025-06-20 09:24:36.538278,19,Evening,Friday
Sitabuldi,21.108396,79.130542,Assault_Violence,2025-01-22 07:24:36.538295,17,Afternoon,Wednesday
Sitabuldi,21.090576,79.06028,Crimes_Against_Women,2024-11-12 02:24:36.538311,12,Afternoon,Tuesday
Hudkeshwar,21.104905,79.115384,Theft_Burglary,2025-04-27 09:24:36.538328,19,Evening,Sunday
Mahal,21.125882,79.058195,Crimes_Against_Women,2025-01-12 02:24:36.538345,12,Afternoon,Sunday
Itwari,21.19042,79.079146,Theft_Burglary,2025-06-27 08:24:36.538363,18,Evening,Friday
Mahal,21.147728,79.084077,Assault_Violence,2025-07-05 11:24:36.538380,21,Evening,Saturday
Mahal,21.108092,79.024505,Assault_Violence,2025-06-26 08:24:36.538395,18,Evening,Thursday
Itwari,21.092372,79.113577,Assault_Violence,2025-08-06 19:24:36.538411,5,Night,Wednesday
Mahal,21.12523,79.021229,Assault_Violence,2025-05-22 13:24:36.538427,23,Evening,Thursday
Jaripatka,21.093707,79.063371,Theft_Burglary,2024-09-27 15:24:36.538443,1,Night,Friday
Sitabuldi,21.092688,79.04325,Assault_Violence,2024-10-09 16:24:36.538459,2,Night,Wednesday
Sitabuldi,21.134704,79.040856,Robbery_Snatching,2025-07-24 15:24:36.538475,1,Night,Thursday
Sitabuldi,21.168406,79.096988,Crimes_Against_Women,2025-08-05 20:24:36.538492,6,Morning,Tuesday
Mahal,21.094032,79.1492,Theft_Burglary,2025-07-24 04:24:36.538509,14,Afternoon,Thursday
Jaripatka,21.170457,79.055086,Crimes_Against_Women,2024-10-12 08:24:36.538524,18,Evening,Saturday
Mahal,21.168603,79.10253,Assault_Violence,2025-06-09 10:24:36.538542,20,Evening,Monday
Sitabuldi,21.174729,79.039794,Theft_Burglary,2025-07-12 08:24:36.538563,18,Evening,Saturday
Sadar,21.148375,79.076812,Theft_Burglary,2024-11-05 19:24:36.538579,5,Night,Tuesday
Ajni,21.085696,79.106534,Theft_Burglary,2025-06-12 11:24:36.538596,21,Evening,Thursday
Itwari,21.188384,79.105228,Assault_Violence,2025-05-08 08:24:36.538612,18,Evening,Thursday
Dharampeth,21.186485,79.026096,Assault_Violence,2025-03-01 00:24:36.538628,10,Morning,Saturday
Jaripatka,21.197223,79.086465,Assault_Violence,2024-10-10 20:24:36.538648,6,Morning,Thursday
Mahal,21.169836,79.056509,Theft_Burglary,2025-06-27 15:24:36.538666,1,Night,Friday
Hudkeshwar,21.153208,79.107584,Theft_Burglary,2024-09-23 08:24:36.538683,18,Evening,Monday
Ajni,21.176073,79.111116,Assault_Violence,2024-08-21 17:24:36.538701,3,Night,Wednesday
Itwari,21.155171,79.032585,Theft_Burglary,2025-01-17 09:24:36.538717,19,Evening,Friday
Ajni,21.181119,79.069817,Theft_Burglary,2025-04-16 20:24:36.538733,6,Morning,Wednesday
Sadar,21.123172,79.148783,Theft_Burglary,2025-01-23 13:24:36.538750,23,Evening,Thursday
Sadar,21.110836,79.0508,Crimes_Against_Women,2025-06-16 13:24:36.538766,23,Evening,Monday
Hudkeshwar,21.091683,79.094161,Assault_Violence,2025-01-07 12:24:36.538781,22,Evening,Tuesday
Hudkeshwar,21.15334,79.024756,Theft_Burglary,2025-04-05 05:24:36.538798,15,Afternoon,Saturday
Jaripatka,21.113312,79.125129,Robbery_Snatching,2025-05-31 13:24:36.538814,23,Evening,Saturday
Mahal,21.141805,79.065251,Assault_Violence,2025-08-06 13:24:36.538831,23,Evening,Wednesday
Sadar,21.085364,79.07497,Assault_Violence,2025-05-14 00:24:36.538848,10,Morning,Wednesday
Itwari,21.129308,79.12046,Theft_Burglary,2025-05-18 23:24:36.538864,9,Morning,Sunday
Manewada,21.099516,79.056141,Assault_Violence,2024-10-15 10:24:36.538886,20,Evening,Tuesday
Jaripatka,21.165174,79.121441,Assault_Violence,2025-05-18 01:24:36.538902,11,Morning,Sunday
Sadar,21.183534,79.044635,Other,2024-12-06 02:24:36.538920,12,Afternoon,Friday
Itwari,21.109846,79.036601,Theft_Burglary,2025-02-17 06:24:36.538937,16,Afternoon,Monday
Dharampeth,21.155604,79.112373,Crimes_Against_Women,2024-09-07 12:24:36.538954,22,Evening,Saturday
Ajni,21.180718,79.123811,Theft_Burglary,2024-10-20 06:24:36.538970,16,Afternoon,Sunday
Hudkeshwar,21.102104,79.092278,Assault_Violence,2025-07-31 00:24:36.538986,10,Morning,Thursday
Sitabuldi,21.137331,79.059042,Crimes_Against_Women,2025-04-27 06:24:36.539002,16,Afternoon,Sunday
Sitabuldi,21.097778,79.128728,Robbery_Snatching,2024-09-17 03:24:36.539018,13,Afternoon,Tuesday
Sitabuldi,21.184267,79.061981,Assault_Violence,2024-12-02 20:24:36.539035,6,Morning,Monday
Mankapur,21.116522,79.119248,Robbery_Snatching,2025-04-12 01:24:36.539052,11,Morning,Saturday
Ajni,21.146589,79.027048,Assault_Violence,2024-10-26 14:24:36.539068,0,Night,Saturday
Manewada,21.149892,79.031409,Assault_Violence,2025-04-30 13:24:36.539085,23,Evening,Wednesday
Sadar,21.106831,79.02986,Crimes_Against_Women,2025-03-05 07:24:36.539103,17,Afternoon,Wednesday
Mahal,21.150305,79.091262,Crimes_Against_Women,2024-09-19 01:24:36.539120,11,Morning,Thursday
Sitabuldi,21.103423,79.079103,Assault_Violence,2025-03-30 13:24:36.539136,23,Evening,Sunday
Dharampeth,21.149905,79.115097,Other,2025-01-13 22:24:36.539152,8,Morning,Monday
Jaripatka,21.192808,79.09923,Assault_Violence,2024-08-26 17:24:36.539167,3,Night,Monday
Ajni,21.084361,79.093862,Crimes_Against_Women,2025-05-29 14:24:36.539186,0,Night,Thursday
Sadar,21.157013,79.055404,Theft_Burglary,2024-10-19 05:24:36.539204,15,Afternoon,Saturday
Ajni,21.154457,79.068752,Assault_Violence,2024-12-07 16:24:36.539220,2,Night,Saturday
Hudkeshwar,21.081757,79.147959,Other,2025-06-04 12:24:36.539235,22,Evening,Wednesday
Sitabuldi,21.172266,79.097972,Crimes_Against_Women,2025-07-08 04:24:36.539251,14,Afternoon,Tuesday
Mahal,21.175565,79.14187,Assault_Violence,2025-05-07 12:24:36.539267,22,Evening,Wednesday
Sadar,21.144437,79.044294,Crimes_Against_Women,2025-07-09 12:24:36.539283,22,Evening,Wednesday
Ajni,21.134242,79.046558,Crimes_Against_Women,2024-09-03 09:24:36.539299,19,Evening,Tuesday
Jaripatka,21.102391,79.036475,Theft_Burglary,2025-01-26 12:24:36.539315,22,Evening,Sunday
Jaripatka,21.158306,79.148302,Crimes_Against_Women,2025-01-19 12:24:36.539334,22,Evening,Sunday
Itwari,21.119508,79.115051,Crimes_Against_Women,2025-04-22 11:24:36.539350,21,Evening,Tuesday
Jaripatka,21.095057,79.027563,Other,2025-07-25 02:24:36.539366,12,Afternoon,Friday
Itwari,21.196495,79.112963,Robbery_Snatching,2025-07-05 02:24:36.539382,12,Afternoon,Saturday
Jaripatka,21.197677,79.069526,Assault_Violence,2025-05-16 20:24:36.539397,6,Morning,Friday
Ajni,21.150713,79.035544,Other,2025-06-02 09:24:36.539413,19,Evening,Monday
Sitabuldi,21.134755,79.148025,Assault_Violence,2025-04-07 11:24:36.539430,21,Evening,Monday
Jaripatka,21.196224,79.079808,Crimes_Against_Women,2024-10-25 18:24:36.539446,4,Night,Friday
Hudkeshwar,21.199425,79.143655,Other,2024-09-04 08:24:36.539461,18,Evening,Wednesday
Sitabuldi,21.088942,79.141877,Robbery_Snatching,2025-06-28 06:24:36.539477,16,Afternoon,Saturday
Dharampeth,21.11477,79.048565,Other,2025-05-11 06:24:36.539493,16,Afternoon,Sunday
Sitabuldi,21.169394,79.081947,Assault_Violence,2025-08-02 11:24:36.539508,21,Evening,Saturday
Itwari,21.141234,79.071774,Other,2025-04-10 01:24:36.539524,11,Morning,Thursday
Sadar,21.112134,79.13246,Assault_Violence,2025-02-18 09:24:36.539539,19,Evening,Tuesday
Sadar,21.127843,79.139427,Assault_Violence,2024-12-14 10:24:36.539555,20,Evening,Saturday
Itwari,21.153128,79.110908,Robbery_Snatching,2025-08-01 09:24:36.539570,19,Evening,Friday
Hudkeshwar,21.115926,79.079313,Other,2025-01-22 07:24:36.539586,17,Afternoon,Wednesday
Sadar,21.178658,79.109754,Other,2025-03-06 17:24:36.539602,3,Night,Thursday
Mankapur,21.117648,79.10117,Crimes_Against_Women,2025-02-11 12:24:36.539618,22,Evening,Tuesday
Hudkeshwar,21.178867,79.130133,Theft_Burglary,2025-02-05 23:24:36.539634,9,Morning,Wednesday
Jaripatka,21.19126,79.046273,Other,2025-06-10 18:24:36.539649,4,Night,Tuesday
Sadar,21.085651,79.0753,Crimes_Against_Women,2025-06-13 11:24:36.539664,21,Evening,Friday
Jaripatka,21.140183,79.035576,Other,2025-04-14 11:24:36.539681,21,Evening,Monday
Itwari,21.108603,79.061174,Theft_Burglary,2024-11-08 11:24:36.539703,21,Evening,Friday
Dharampeth,21.145805,79.142124,Crimes_Against_Women,2025-07-28 07:24:36.539722,17,Afternoon,Monday
Itwari,21.097073,79.117804,Assault_Violence,2024-11-30 23:24:36.539738,9,Morning,Saturday
Jaripatka,21.135338,79.069283,Theft_Burglary,2025-01-01 18:24:36.539756,4,Night,Wednesday
Jaripatka,21.107754,79.029455,Crimes_Against_Women,2024-09-02 10:24:36.539772,20,Evening,Monday
Mahal,21.185973,79.114637,Crimes_Against_Women,2024-09-03 11:24:36.539790,21,Evening,Tuesday
Mahal,21.122715,79.054786,Assault_Violence,2024-12-19 05:24:36.539806,15,Afternoon,Thursday
Sitabuldi,21.196314,79.125533,Crimes_Against_Women,2024-11-29 02:24:36.539822,12,Afternoon,Friday
Itwari,21.133043,79.054431,Other,2025-08-17 20:24:36.539837,6,Morning,Sunday
Sitabuldi,21.082791,79.023809,Assault_Violence,2025-01-23 09:24:36.539855,19,Evening,Thursday
Itwari,21.095273,79.02666,Assault_Violence,2024-09-11 10:24:36.539871,20,Evening,Wednesday
Sitabuldi,21.142168,79.035331,Theft_Burglary,2024-11-07 03:24:36.539887,13,Afternoon,Thursday
Mahal,21.179345,79.027018,Crimes_Against_Women,2025-03-20 04:24:36.539904,14,Afternoon,Thursday
Mahal,21.094131,79.104895,Assault_Violence,2024-11-02 13:24:36.539937,23,Evening,Saturday
Jaripatka,21.088465,79.066672,Crimes_Against_Women,2024-11-28 20:24:36.539953,6,Morning,Thursday
Mahal,21.178324,79.091019,Theft_Burglary,2024-11-24 12:24:36.539969,22,Evening,Sunday
Ajni,21.116978,79.043984,Crimes_Against_Women,2024-09-25 10:24:36.539985,20,Evening,Wednesday
Jaripatka,21.106251,79.072097,Other,2025-07-20 07:24:36.540001,17,Afternoon,Sunday
Ajni,21.170955,79.092088,Theft_Burglary,2024-09-13 07:24:36.540018,17,Afternoon,Friday
Dharampeth,21.155828,79.044365,Crimes_Against_Women,2025-03-05 11:24:36.540033,21,Evening,Wednesday
Mahal,21.09864,79.110655,Theft_Burglary,2025-06-05 23:24:36.540049,9,Morning,Thursday
Sadar,21.125925,79.058617,Theft_Burglary,2025-02-06 10:24:36.540065,20,Evening,Thursday
Itwari,21.106061,79.03534,Robbery_Snatching,2025-05-28 13:24:36.540083,23,Evening,Wednesday
Sitabuldi,21.133441,79.023657,Crimes_Against_Women,2024-10-25 17:24:36.540100,3,Night,Friday
Sitabuldi,21.181544,79.134319,Other,2025-05-08 05:24:36.540116,15,Afternoon,Thursday
Jaripatka,21.177434,79.139268,Assault_Violence,2024-12-19 13:24:36.540131,23,Evening,Thursday
Ajni,21.162043,79.067622,Theft_Burglary,2025-06-18 11:24:36.540146,21,Evening,Wednesday
Mahal,21.19309,79.116982,Other,2024-11-05 12:24:36.540163,22,Evening,Tuesday
Jaripatka,21.167274,79.087085,Robbery_Snatching,2025-05-05 20:24:36.540179,6,Morning,Monday
Jaripatka,21.117672,79.097128,Robbery_Snatching,2024-09-04 23:24:36.540195,9,Morning,Wednesday
Hudkeshwar,21.160996,79.135563,Assault_Violence,2025-02-06 14:24:36.540210,0,Night,Thursday
Ajni,21.110203,79.118902,Assault_Violence,2025-07-30 13:24:36.540229,23,Evening,Wednesday
Ajni,21.194323,79.144613,Crimes_Against_Women,2025-01-02 13:24:36.540246,23,Evening,Thursday
Ajni,21.179809,79.107573,Crimes_Against_Women,2024-09-15 12:24:36.540263,22,Evening,Sunday
Manewada,21.116835,79.076505,Robbery_Snatching,2024-10-30 12:24:36.540282,22,Evening,Wednesday
Sadar,21.127032,79.035534,Assault_Violence,2024-12-14 23:24:36.540299,9,Morning,Saturday
Jaripatka,21.17791,79.14872,Crimes_Against_Women,2025-05-31 02:24:36.540316,12,Afternoon,Saturday
Mahal,21.183353,79.144055,Other,2024-12-31 05:24:36.540332,15,Afternoon,Tuesday
Mahal,21.087223,79.090335,Crimes_Against_Women,2025-08-06 10:24:36.540348,20,Evening,Wednesday
Sitabuldi,21.170211,79.047539,Theft_Burglary,2025-03-19 09:24:36.540363,19,Evening,Wednesday
Manewada,21.199038,79.061513,Crimes_Against_Women,2024-12-13 06:24:36.540379,16,Afternoon,Friday
Itwari,21.195034,79.099466,Assault_Violence,2024-09-01 17:24:36.540399,3,Night,Sunday
Sitabuldi,21.123775,79.046772,Robbery_Snatching,2024-10-09 09:24:36.540415,19,Evening,Wednesday
Mankapur,21.161429,79.045867,Crimes_Against_Women,2025-07-19 08:24:36.540432,18,Evening,Saturday
Dharampeth,21.171389,79.079245,Assault_Violence,2025-02-09 13:24:36.540447,23,Evening,Sunday
Jaripatka,21.108421,79.09625,Other,2025-03-16 12:24:36.540464,22,Evening,Sunday
Jaripatka,21.09441,79.066863,Other,2024-09-01 21:24:36.540480,7,Morning,Sunday
Dharampeth,21.093072,79.145807,Crimes_Against_Women,2024-09-11 03:24:36.540496,13,Afternoon,Wednesday
Hudkeshwar,21.186578,79.138705,Assault_Violence,2025-07-14 08:24:36.540512,18,Evening,Monday
Ajni,21.116032,79.044674,Crimes_Against_Women,2025-03-11 13:24:36.540528,23,Evening,Tuesday
Mahal,21.184861,79.05384,Assault_Violence,2025-01-27 12:24:36.540546,22,Evening,Monday
Mahal,21.193534,79.102487,Other,2025-07-22 13:24:36.540563,23,Evening,Tuesday
Dharampeth,21.131985,79.038184,Assault_Violence,2025-02-09 22:24:36.540578,8,Morning,Sunday
Ajni,21.129283,79.129624,Crimes_Against_Women,2025-05-22 08:24:36.540594,18,Evening,Thursday
Sitabuldi,21.176966,79.023825,Assault_Violence,2024-09-18 09:24:36.540611,19,Evening,Wednesday
Manewada,21.086998,79.034896,Crimes_Against_Women,2025-01-02 21:24:36.540628,7,Morning,Thursday
Mahal,21.162633,79.146361,Theft_Burglary,2024-11-24 04:24:36.540644,14,Afternoon,Sunday
Ajni,21.147984,79.02128,Crimes_Against_Women,2025-04-30 14:24:36.540661,0,Night,Wednesday
Sadar,21.117797,79.082198,Crimes_Against_Women,2024-10-15 21:24:36.540677,7,Morning,Tuesday
Sadar,21.168777,79.099133,Crimes_Against_Women,2025-07-24 08:24:36.540693,18,Evening,Thursday
Dharampeth,21.110565,79.022436,Crimes_Against_Women,2025-03-01 10:24:36.540708,20,Evening,Saturday
Mahal,21.084695,79.039084,Assault_Violence,2025-05-26 03:24:36.540724,13,Afternoon,Monday
Sitabuldi,21.187388,79.034728,Crimes_Against_Women,2025-02-26 05:24:36.540739,15,Afternoon,Wednesday
Itwari,21.102763,79.147443,Theft_Burglary,2024-09-06 19:24:36.540760,5,Night,Friday
Itwari,21.119967,79.094762,Robbery_Snatching,2025-04-07 08:24:36.540776,18,Evening,Monday
Itwari,21.175933,79.029736,Crimes_Against_Women,2025-08-18 08:24:36.540792,18,Evening,Monday
Itwari,21.117954,79.118141,Theft_Burglary,2024-11-17 20:24:36.540808,6,Morning,Sunday
Sitabuldi,21.122981,79.036806,Robbery_Snatching,2025-06-28 23:24:36.540824,9,Morning,Saturday
Itwari,21.089211,79.094974,Crimes_Against_Women,2025-01-05 20:24:36.540840,6,Morning,Sunday
Sitabuldi,21.171759,79.122771,Assault_Violence,2025-06-29 05:24:36.540855,15,Afternoon,Sunday
Manewada,21.08511,79.133786,Theft_Burglary,2025-01-29 10:24:36.540946,20,Evening,Wednesday
Ajni,21.110759,79.033647,Assault_Violence,2025-04-08 22:24:36.540964,8,Morning,Tuesday
Sadar,21.17266,79.054831,Assault_Violence,2025-05-04 08:24:36.540980,18,Evening,Sunday
Sitabuldi,21.133907,79.09826,Crimes_Against_Women,2024-09-04 05:24:36.540996,15,Afternoon,Wednesday
Manewada,21.152599,79.042509,Theft_Burglary,2025-04-20 02:24:36.541012,12,Afternoon,Sunday
Mankapur,21.080393,79.073519,Theft_Burglary,2025-04-06 11:24:36.541028,21,Evening,Sunday
Itwari,21.185674,79.102831,Assault_Violence,2025-08-17 13:24:36.541044,23,Evening,Sunday
Dharampeth,21.110743,79.115012,Assault_Violence,2025-04-26 13:24:36.541059,23,Evening,Saturday
Ajni,21.158272,79.052898,Theft_Burglary,2025-08-19 10:24:36.541074,20,Evening,Tuesday
Sitabuldi,21.090186,79.139139,Robbery_Snatching,2025-06-06 13:24:36.541090,23,Evening,Friday
Dharampeth,21.16804,79.053075,Robbery_Snatching,2024-09-19 13:24:36.541106,23,Evening,Thursday
Mahal,21.1231,79.070544,Theft_Burglary,2025-07-04 10:24:36.541121,20,Evening,Friday
Mankapur,21.137717,79.092168,Crimes_Against_Women,2024-09-27 10:24:36.541137,20,Evening,Friday
Itwari,21.132119,79.101247,Robbery_Snatching,2024-12-05 03:24:36.541153,13,Afternoon,Thursday
Hudkeshwar,21.084547,79.02414,Robbery_Snatching,2025-02-11 11:24:36.541169,21,Evening,Tuesday
Ajni,21.156486,79.026851,Assault_Violence,2024-12-18 21:24:36.541185,7,Morning,Wednesday
Itwari,21.142351,79.039594,Robbery_Snatching,2024-11-10 03:24:36.541201,13,Afternoon,Sunday
Mahal,21.198148,79.127371,Robbery_Snatching,2025-01-13 02:24:36.541218,12,Afternoon,Monday
Sitabuldi,21.123541,79.098746,Theft_Burglary,2025-02-27 09:24:36.541234,19,Evening,Thursday
Manewada,21.124091,79.078833,Theft_Burglary,2025-03-23 15:24:36.541250,1,Night,Sunday
Sitabuldi,21.083466,79.114769,Robbery_Snatching,2025-08-19 23:24:36.541266,9,Morning,Tuesday
Dharampeth,21.152268,79.082661,Other,2025-05-12 09:24:36.541281,19,Evening,Monday
Dharampeth,21.173638,79.061238,Crimes_Against_Women,2025-07-21 23:24:36.541296,9,Morning,Monday
Dharampeth,21.094097,79.076785,Other,2025-02-15 08:24:36.541313,18,Evening,Saturday
Sadar,21.119453,79.104724,Crimes_Against_Women,2025-03-23 10:24:36.541329,20,Evening,Sunday
Hudkeshwar,21.10232,79.121198,Crimes_Against_Women,2025-02-25 13:24:36.541348,23,Evening,Tuesday
Ajni,21.124787,79.041725,Theft_Burglary,2024-11-07 09:24:36.541365,19,Evening,Thursday
Manewada,21.112905,79.119139,Crimes_Against_Women,2024-09-19 07:24:36.541381,17,Afternoon,Thursday
Mahal,21.164452,79.091596,Theft_Burglary,2025-07-18 03:24:36.541399,13,Afternoon,Friday
Manewada,21.094722,79.049235,Crimes_Against_Women,2024-12-21 09:24:36.541414,19,Evening,Saturday
Sitabuldi,21.185505,79.142611,Theft_Burglary,2025-02-18 00:24:36.541430,10,Morning,Tuesday
Mahal,21.169305,79.148041,Crimes_Against_Women,2024-08-25 12:24:36.541446,22,Evening,Sunday
Sadar,21.116267,79.075407,Crimes_Against_Women,2025-07-03 10:24:36.541462,20,Evening,Thursday
Ajni,21.173042,79.107492,Crimes_Against_Women,2025-02-24 00:24:36.541478,10,Morning,Monday
Hudkeshwar,21.185676,79.09254,Assault_Violence,2025-04-23 03:24:36.541494,13,Afternoon,Wednesday
Sadar,21.187036,79.14878,Assault_Violence,2025-07-13 08:24:36.541513,18,Evening,Sunday
Dharampeth,21.199485,79.135247,Crimes_Against_Women,2025-01-07 11:24:36.541529,21,Evening,Tuesday
Ajni,21.166161,79.125336,Crimes_Against_Women,2025-05-01 08:24:36.541544,18,Evening,Thursday
Sitabuldi,21.092449,79.116357,Other,2025-06-01 18:24:36.541560,4,Night,Sunday
Jaripatka,21.135357,79.054381,Crimes_Against_Women,2025-07-11 09:24:36.541576,19,Evening,Friday
Jaripatka,21.16217,79.09238,Crimes_Against_Women,2025-08-15 05:24:36.541592,15,Afternoon,Friday
Itwari,21.171028,79.075884,Assault_Violence,2025-04-10 21:24:36.541608,7,Morning,Thursday
Dharampeth,21.140987,79.095251,Theft_Burglary,2024-09-13 12:24:36.541623,22,Evening,Friday
Dharampeth,21.178972,79.084439,Crimes_Against_Women,2025-07-19 07:24:36.541640,17,Afternoon,Saturday
Jaripatka,21.178539,79.12066,Theft_Burglary,2025-02-28 02:24:36.541656,12,Afternoon,Friday
Ajni,21.15323,79.119703,Crimes_Against_Women,2024-09-14 18:24:36.541672,4,Night,Saturday
Mahal,21.173996,79.126583,Crimes_Against_Women,2025-07-05 13:24:36.541688,23,Evening,Saturday
Sadar,21.168052,79.030075,Other,2024-09-04 10:24:36.541703,20,Evening,Wednesday
Mankapur,21.10326,79.036206,Crimes_Against_Women,2024-12-14 11:24:36.541719,21,Evening,Saturday
Sitabuldi,21.16572,79.03043,Assault_Violence,2024-11-10 12:24:36.541738,22,Evening,Sunday
Ajni,21.188047,79.133687,Assault_Violence,2025-02-16 09:24:36.541754,19,Evening,Sunday
Itwari,21.136881,79.120159,Crimes_Against_Women,2025-03-20 07:24:36.541771,17,Afternoon,Thursday
Hudkeshwar,21.193397,79.029806,Robbery_Snatching,2025-04-14 11:24:36.541787,21,Evening,Monday
Manewada,21.197318,79.10794,Other,2025-05-24 13:24:36.541811,23,Evening,Saturday
Dharampeth,21.177538,79.062997,Theft_Burglary,2025-02-24 10:24:36.541827,20,Evening,Monday
Sitabuldi,21.154708,79.098548,Assault_Violence,2025-08-03 10:24:36.541844,20,Evening,Sunday
Manewada,21.101803,79.075302,Theft_Burglary,2025-04-26 09:24:36.541859,19,Evening,Saturday
Itwari,21.131024,79.084913,Assault_Violence,2025-02-12 09:24:36.541880,19,Evening,Wednesday
Mahal,21.147911,79.057608,Other,2024-09-28 09:24:36.541898,19,Evening,Saturday
Itwari,21.172557,79.12691,Theft_Burglary,2024-11-25 20:24:36.541925,6,Morning,Monday
Ajni,21.110133,79.096006,Assault_Violence,2024-12-04 20:24:36.541944,6,Morning,Wednesday
Sadar,21.087295,79.10212,Crimes_Against_Women,2025-03-06 10:24:36.541961,20,Evening,Thursday
Dharampeth,21.102356,79.044845,Theft_Burglary,2025-06-06 16:24:36.541977,2,Night,Friday
Itwari,21.196268,79.093035,Robbery_Snatching,2024-12-01 09:24:36.541992,19,Evening,Sunday
Dharampeth,21.130418,79.105502,Crimes_Against_Women,2025-06-15 16:24:36.542008,2,Night,Sunday
Ajni,21.166517,79.148227,Crimes_Against_Women,2024-12-24 12:24:36.542024,22,Evening,Tuesday
Dharampeth,21.133337,79.034926,Crimes_Against_Women,2025-01-31 07:24:36.542040,17,Afternoon,Friday
Hudkeshwar,21.19272,79.069855,Assault_Violence,2025-01-08 09:24:36.542056,19,Evening,Wednesday
Sadar,21.082816,79.101718,Other,2024-10-05 07:24:36.542073,17,Afternoon,Saturday
Sadar,21.177663,79.141472,Assault_Violence,2025-01-11 18:24:36.542089,4,Night,Saturday
Dharampeth,21.197083,79.047654,Assault_Violence,2024-10-31 16:24:36.542105,2,Night,Thursday
Dharampeth,21.162931,79.059671,Theft_Burglary,2024-12-19 08:24:36.542122,18,Evening,Thursday
Sitabuldi,21.140481,79.108041,Theft_Burglary,2025-08-02 01:24:36.542137,11,Morning,Saturday
Sadar,21.099389,79.132295,Crimes_Against_Women,2024-10-20 12:24:36.542153,22,Evening,Sunday
Mahal,21.178179,79.071952,Other,2025-07-11 23:24:36.542169,9,Morning,Friday
Mankapur,21.185498,79.147605,Assault_Violence,2025-03-19 16:24:36.542184,2,Night,Wednesday
Sadar,21.098972,79.131283,Other,2025-07-23 09:24:36.542199,19,Evening,Wednesday
Sitabuldi,21.191119,79.139607,Crimes_Against_Women,2025-08-02 10:24:36.542216,20,Evening,Saturday
Dharampeth,21.095782,79.083449,Assault_Violence,2025-04-27 07:24:36.542232,17,Afternoon,Sunday
Mankapur,21.095569,79.055456,Assault_Violence,2024-12-14 23:24:36.542248,9,Morning,Saturday
Dharampeth,21.192228,79.04428,Crimes_Against_Women,2025-03-10 07:24:36.542264,17,Afternoon,Monday
Sadar,21.199282,79.046171,Robbery_Snatching,2025-03-12 13:24:36.542279,23,Evening,Wednesday
Mankapur,21.107375,79.142979,Crimes_Against_Women,2025-08-01 10:24:36.542295,20,Evening,Friday
Sadar,21.150224,79.140934,Crimes_Against_Women,2025-04-20 20:24:36.542311,6,Morning,Sunday
Sitabuldi,21.086369,79.118221,Crimes_Against_Women,2024-12-25 06:24:36.542327,16,Afternoon,Wednesday
Mankapur,21.166114,79.027323,Theft_Burglary,2025-04-24 07:24:36.542343,17,Afternoon,Thursday
Sitabuldi,21.150165,79.028699,Other,2024-12-29 13:24:36.542358,23,Evening,Sunday
Manewada,21.146875,79.121544,Assault_Violence,2024-09-17 10:24:36.542374,20,Evening,Tuesday
Dharampeth,21.19905,79.089143,Crimes_Against_Women,2024-10-18 09:24:36.542390,19,Evening,Friday
Itwari,21.094642,79.061321,Theft_Burglary,2025-04-29 20:24:36.542408,6,Morning,Tuesday
Mankapur,21.086454,79.077806,Crimes_Against_Women,2025-07-28 22:24:36.542424,8,Morning,Monday
Sitabuldi,21.151046,79.099529,Other,2024-09-03 13:24:36.542440,23,Evening,Tuesday
Dharampeth,21.155669,79.123061,Theft_Burglary,2024-10-15 11:24:36.542457,21,Evening,Tuesday
Sitabuldi,21.125412,79.028931,Crimes_Against_Women,2024-10-28 03:24:36.542474,13,Afternoon,Monday
Itwari,21.092557,79.025985,Assault_Violence,2025-01-22 10:24:36.542491,20,Evening,Wednesday
Sitabuldi,21.157286,79.133821,Theft_Burglary,2025-01-02 07:24:36.542507,17,Afternoon,Thursday
Sitabuldi,21.108079,79.091341,Theft_Burglary,2025-04-19 08:24:36.542523,18,Evening,Saturday
Sitabuldi,21.101359,79.086161,Other,2024-10-20 18:24:36.542542,4,Night,Sunday
Sitabuldi,21.191931,79.123503,Theft_Burglary,2025-03-26 10:24:36.542558,20,Evening,Wednesday
Sitabuldi,21.159807,79.123189,Assault_Violence,2025-05-02 17:24:36.542573,3,Night,Friday
Sitabuldi,21.192632,79.147174,Other,2025-03-20 11:24:36.542589,21,Evening,Thursday
Mahal,21.19247,79.13001,Theft_Burglary,2025-07-26 10:24:36.542605,20,Evening,Saturday
Itwari,21.145307,79.070651,Crimes_Against_Women,2024-08-31 23:24:36.542621,9,Morning,Saturday
Mahal,21.111465,79.126873,Robbery_Snatching,2024-09-28 05:24:36.542637,15,Afternoon,Saturday
Mahal,21.137616,79.084598,Assault_Violence,2025-05-18 21:24:36.542653,7,Morning,Sunday
Itwari,21.180684,79.07575,Theft_Burglary,2024-09-08 06:24:36.542669,16,Afternoon,Sunday
Hudkeshwar,21.19935,79.136822,Crimes_Against_Women,2024-11-14 02:24:36.542685,12,Afternoon,Thursday
Itwari,21.122999,79.136538,Theft_Burglary,2025-01-21 05:24:36.542701,15,Afternoon,Tuesday
Sitabuldi,21.088742,79.118014,Theft_Burglary,2025-06-22 14:24:36.542718,0,Night,Sunday
Itwari,21.173922,79.10592,Crimes_Against_Women,2024-11-07 16:24:36.542734,2,Night,Thursday
Itwari,21.141203,79.140998,Robbery_Snatching,2025-02-10 10:24:36.542749,20,Evening,Monday
Ajni,21.182297,79.030018,Theft_Burglary,2024-12-06 12:24:36.542765,22,Evening,Friday
Sitabuldi,21.17218,79.048096,Theft_Burglary,2025-08-21 04:24:36.542782,14,Afternoon,Thursday
Mahal,21.100356,79.092281,Robbery_Snatching,2024-09-09 09:24:36.542798,19,Evening,Monday
Mankapur,21.188774,79.122754,Theft_Burglary,2024-10-01 08:24:36.542814,18,Evening,Tuesday
Sitabuldi,21.127613,79.066691,Assault_Violence,2025-07-05 08:24:36.542830,18,Evening,Saturday
Mahal,21.194921,79.085013,Crimes_Against_Women,2025-01-03 15:24:36.542845,1,Night,Friday
Mankapur,21.094555,79.099213,Assault_Violence,2024-09-12 00:24:36.542861,10,Morning,Thursday
Ajni,21.193633,79.026116,Other,2024-11-05 10:24:36.542878,20,Evening,Tuesday
Dharampeth,21.092612,79.041805,Crimes_Against_Women,2025-02-24 05:24:36.542894,15,Afternoon,Monday
Ajni,21.100766,79.078163,Theft_Burglary,2025-05-06 03:24:36.542911,13,Afternoon,Tuesday
Sitabuldi,21.198735,79.034928,Theft_Burglary,2025-07-12 09:24:36.542929,19,Evening,Saturday
Jaripatka,21.089217,79.0906,Crimes_Against_Women,2025-05-07 09:24:36.542946,19,Evening,Wednesday
Mankapur,21.156399,79.072936,Assault_Violence,2025-05-07 07:24:36.542962,17,Afternoon,Wednesday
Jaripatka,21.115284,79.057625,Theft_Burglary,2025-04-22 07:24:36.542978,17,Afternoon,Tuesday
Itwari,21.18677,79.123103,Theft_Burglary,2025-03-15 06:24:36.542996,16,Afternoon,Saturday
Sadar,21.112069,79.1171,Crimes_Against_Women,2024-09-08 10:24:36.543011,20,Evening,Sunday
Dharampeth,21.171795,79.053823,Theft_Burglary,2025-07-05 12:24:36.543026,22,Evening,Saturday
Sitabuldi,21.156988,79.124241,Crimes_Against_Women,2025-02-06 03:24:36.543042,13,Afternoon,Thursday
Mahal,21.198063,79.07483,Theft_Burglary,2025-01-19 05:24:36.543057,15,Afternoon,Sunday
Dharampeth,21.186792,79.074874,Assault_Violence,2025-01-02 03:24:36.543073,13,Afternoon,Thursday
Itwari,21.129051,79.107941,Assault_Violence,2024-10-15 09:24:36.543089,19,Evening,Tuesday
Dharampeth,21.092169,79.116083,Crimes_Against_Women,2024-12-15 12:24:36.543104,22,Evening,Sunday
Dharampeth,21.147662,79.149214,Other,2024-11-27 09:24:36.543120,19,Evening,Wednesday
Mahal,21.109068,79.136339,Crimes_Against_Women,2025-03-27 22:24:36.543140,8,Morning,Thursday
Sitabuldi,21.168561,79.050385,Assault_Violence,2025-07-14 12:24:36.543156,22,Evening,Monday
Manewada,21.093988,79.127672,Robbery_Snatching,2025-05-24 12:24:36.543172,22,Evening,Saturday
Sadar,21.106583,79.054472,Other,2024-10-21 12:24:36.543194,22,Evening,Monday
Hudkeshwar,21.105456,79.139674,Crimes_Against_Women,2025-06-15 23:24:36.543211,9,Morning,Sunday
Hudkeshwar,21.091389,79.041544,Other,2024-12-14 11:24:36.543227,21,Evening,Saturday
Jaripatka,21.149383,79.125897,Theft_Burglary,2025-06-07 10:24:36.543242,20,Evening,Saturday
Manewada,21.179648,79.022307,Assault_Violence,2025-02-02 12:24:36.543257,22,Evening,Sunday
Jaripatka,21.171367,79.029197,Crimes_Against_Women,2025-05-08 03:24:36.543273,13,Afternoon,Thursday
Sitabuldi,21.117361,79.057005,Other,2025-01-16 10:24:36.543288,20,Evening,Thursday
Jaripatka,21.161096,79.07233,Other,2025-02-27 11:24:36.543303,21,Evening,Thursday
Sitabuldi,21.115963,79.071757,Assault_Violence,2024-10-02 08:24:36.543319,18,Evening,Wednesday
Sitabuldi,21.139245,79.024647,Assault_Violence,2024-11-14 19:24:36.543335,5,Night,Thursday
Sadar,21.196724,79.021324,Robbery_Snatching,2025-02-28 15:24:36.543351,1,Night,Friday
Sitabuldi,21.169515,79.030916,Crimes_Against_Women,2025-04-07 11:24:36.543366,21,Evening,Monday
Sitabuldi,21.128103,79.079306,Crimes_Against_Women,2024-10-30 11:24:36.543381,21,Evening,Wednesday
Sitabuldi,21.150522,79.040266,Theft_Burglary,2025-04-17 00:24:36.543397,10,Morning,Thursday
Itwari,21.081052,79.146126,Other,2024-11-08 21:24:36.543414,7,Morning,Friday
Sitabuldi,21.094355,79.107396,Crimes_Against_Women,2025-06-01 13:24:36.543430,23,Evening,Sunday
Jaripatka,21.161939,79.049799,Crimes_Against_Women,2025-07-07 12:24:36.543449,22,Evening,Monday
Sitabuldi,21.128438,79.125644,Crimes_Against_Women,2024-11-25 23:24:36.543465,9,Morning,Monday
Dharampeth,21.165709,79.083287,Other,2025-04-29 10:24:36.543482,20,Evening,Tuesday
Mahal,21.179999,79.042649,Crimes_Against_Women,2025-02-11 13:24:36.543498,23,Evening,Tuesday
Ajni,21.118648,79.03991,Other,2025-02-04 20:24:36.543513,6,Morning,Tuesday
Sadar,21.156817,79.12353,Theft_Burglary,2025-04-27 15:24:36.543529,1,Night,Sunday
Manewada,21.123388,79.07574,Crimes_Against_Women,2024-09-06 09:24:36.543547,19,Evening,Friday
Jaripatka,21.139073,79.033005,Theft_Burglary,2025-06-22 22:24:36.543562,8,Morning,Sunday
Mankapur,21.146495,79.114669,Crimes_Against_Women,2025-04-28 10:24:36.543578,20,Evening,Monday
Itwari,21.175126,79.083312,Other,2025-08-12 05:24:36.543596,15,Afternoon,Tuesday
Mankapur,21.168111,79.099186,Theft_Burglary,2024-09-24 13:24:36.543612,23,Evening,Tuesday
Ajni,21.189671,79.071577,Crimes_Against_Women,2025-03-01 12:24:36.543628,22,Evening,Saturday
Mankapur,21.157055,79.085977,Theft_Burglary,2025-04-26 13:24:36.543643,23,Evening,Saturday
Dharampeth,21.121254,79.049341,Other,2024-09-03 08:24:36.543659,18,Evening,Tuesday
Jaripatka,21.157229,79.136591,Theft_Burglary,2024-10-20 01:24:36.543674,11,Morning,Sunday
Itwari,21.185584,79.082889,Theft_Burglary,2025-08-08 17:24:36.543690,3,Night,Friday
Jaripatka,21.177809,79.034306,Theft_Burglary,2024-12-28 12:24:36.543707,22,Evening,Saturday
Sadar,21.081576,79.055542,Robbery_Snatching,2024-08-25 07:24:36.543722,17,Afternoon,Sunday
Mankapur,21.099496,79.06459,Theft_Burglary,2024-12-18 10:24:36.543738,20,Evening,Wednesday
Dharampeth,21.091526,79.085313,Crimes_Against_Women,2024-12-23 10:24:36.543753,20,Evening,Monday
Mankapur,21.199542,79.045434,Crimes_Against_Women,2025-05-09 12:24:36.543769,22,Evening,Friday
Manewada,21.18822,79.106067,Theft_Burglary,2025-03-29 09:24:36.543784,19,Evening,Saturday
Mankapur,21.187218,79.04902,Other,2024-11-18 04:24:36.543801,14,Afternoon,Monday
Sitabuldi,21.149513,79.108679,Crimes_Against_Women,2024-09-18 10:24:36.543817,20,Evening,Wednesday
Sadar,21.132255,79.10475,Crimes_Against_Women,2025-05-19 19:24:36.543832,5,Night,Monday
Mahal,21.144443,79.120549,Other,2024-09-08 12:24:36.543848,22,Evening,Sunday
Mahal,21.196501,79.064494,Crimes_Against_Women,2024-12-13 12:24:36.543864,22,Evening,Friday
Dharampeth,21.13967,79.091069,Other,2025-06-06 22:24:36.543879,8,Morning,Friday
Hudkeshwar,21.176516,79.140283,Crimes_Against_Women,2025-05-29 22:24:36.543895,8,Morning,Thursday
Mankapur,21.187602,79.140925,Theft_Burglary,2024-10-28 13:24:36.543910,23,Evening,Monday
Sadar,21.151786,79.097925,Other,2025-05-18 10:24:36.543938,20,Evening,Sunday
Dharampeth,21.125549,79.135733,Crimes_Against_Women,2025-07-27 08:24:36.543955,18,Evening,Sunday
Sadar,21.196375,79.072641,Assault_Violence,2025-04-09 11:24:36.543978,21,Evening,Wednesday
Hudkeshwar,21.175906,79.031043,Theft_Burglary,2024-12-24 08:24:36.543995,18,Evening,Tuesday
Mankapur,21.109832,79.140834,Assault_Violence,2025-04-02 00:24:36.544011,10,Morning,Wednesday
Sitabuldi,21.197223,79.042536,Theft_Burglary,2025-07-01 09:24:36.544026,19,Evening,Tuesday
Sadar,21.140465,79.089032,Theft_Burglary,2024-08-23 12:24:36.544043,22,Evening,Friday
Mahal,21.122077,79.113413,Other,2024-12-02 09:24:36.544059,19,Evening,Monday
Dharampeth,21.18244,79.114722,Crimes_Against_Women,2025-05-31 11:24:36.544075,21,Evening,Saturday
Dharampeth,21.126093,79.132282,Crimes_Against_Women,2025-03-09 12:24:36.544091,22,Evening,Sunday
Manewada,21.098001,79.088902,Theft_Burglary,2025-02-03 06:24:36.544107,16,Afternoon,Monday
Mankapur,21.154455,79.11544,Assault_Violence,2024-12-12 00:24:36.544123,10,Morning,Thursday
Jaripatka,21.098653,79.078379,Theft_Burglary,2025-01-25 23:24:36.544139,9,Morning,Saturday
Manewada,21.154616,79.107766,Other,2024-10-10 07:24:36.544154,17,Afternoon,Thursday
Dharampeth,21.093787,79.062679,Other,2025-01-07 08:24:36.544170,18,Evening,Tuesday
Dharampeth,21.116536,79.035384,Assault_Violence,2024-12-18 09:24:36.544187,19,Evening,Wednesday
Mankapur,21.087569,79.045002,Theft_Burglary,2025-07-30 06:24:36.544203,16,Afternoon,Wednesday
Mahal,21.15346,79.052539,Theft_Burglary,2025-04-10 06:24:36.544218,16,Afternoon,Thursday
Itwari,21.120395,79.148171,Theft_Burglary,2025-07-09 12:24:36.544234,22,Evening,Wednesday
Itwari,21.117757,79.029429,Theft_Burglary,2024-12-22 10:24:36.544249,20,Evening,Sunday
Manewada,21.197396,79.045208,Crimes_Against_Women,2025-03-04 21:24:36.544265,7,Morning,Tuesday
Hudkeshwar,21.101769,79.072832,Crimes_Against_Women,2024-11-03 09:24:36.544281,19,Evening,Sunday
Manewada,21.140519,79.110832,Other,2024-12-26 08:24:36.544296,18,Evening,Thursday
Dharampeth,21.146297,79.111332,Theft_Burglary,2024-08-22 05:24:36.544312,15,Afternoon,Thursday
Hudkeshwar,21.183087,79.123179,Theft_Burglary,2025-01-04 09:24:36.544327,19,Evening,Saturday
Sitabuldi,21.088879,79.061061,Assault_Violence,2025-06-18 05:24:36.544343,15,Afternoon,Wednesday
Sitabuldi,21.110046,79.037761,Theft_Burglary,2025-04-13 14:24:36.544359,0,Night,Sunday
Sitabuldi,21.155497,79.130538,Other,2025-05-22 09:24:36.544374,19,Evening,Thursday
Itwari,21.131473,79.026672,Crimes_Against_Women,2024-12-14 18:24:36.544391,4,Night,Saturday
Mankapur,21.146003,79.116746,Theft_Burglary,2024-11-26 09:24:36.544406,19,Evening,Tuesday
Itwari,21.136004,79.031636,Crimes_Against_Women,2025-02-06 21:24:36.544423,7,Morning,Thursday
Mahal,21.154825,79.102559,Crimes_Against_Women,2024-10-17 03:24:36.544439,13,Afternoon,Thursday
Manewada,21.150674,79.086851,Crimes_Against_Women,2025-04-13 10:24:36.544454,20,Evening,Sunday
Sitabuldi,21.08502,79.033497,Theft_Burglary,2025-07-06 08:24:36.544472,18,Evening,Sunday
Dharampeth,21.10141,79.032511,Other,2024-11-13 01:24:36.544488,11,Morning,Wednesday
Jaripatka,21.1059,79.044493,Assault_Violence,2024-12-18 11:24:36.544504,21,Evening,Wednesday
Dharampeth,21.081806,79.097113,Robbery_Snatching,2025-08-05 03:24:36.544521,13,Afternoon,Tuesday
Sitabuldi,21.138022,79.111181,Theft_Burglary,2025-08-14 08:24:36.544542,18,Evening,Thursday
Dharampeth,21.19687,79.088556,Robbery_Snatching,2025-04-06 23:24:36.544558,9,Morning,Sunday
Mankapur,21.095027,79.055253,Other,2024-10-16 08:24:36.544574,18,Evening,Wednesday
Sitabuldi,21.190561,79.047571,Theft_Burglary,2025-04-02 13:24:36.544591,23,Evening,Wednesday
Jaripatka,21.154182,79.111353,Crimes_Against_Women,2024-11-14 06:24:36.544607,16,Afternoon,Thursday
Manewada,21.110569,79.144317,Crimes_Against_Women,2024-11-08 13:24:36.544626,23,Evening,Friday
Itwari,21.122085,79.067944,Theft_Burglary,2024-10-11 03:24:36.544643,13,Afternoon,Friday
Mahal,21.10207,79.113585,Crimes_Against_Women,2025-08-08 22:24:36.544660,8,Morning,Friday
Mankapur,21.196732,79.10075,Assault_Violence,2025-05-21 03:24:36.544677,13,Afternoon,Wednesday
Sitabuldi,21.083533,79.138244,Other,2024-11-08 20:24:36.544693,6,Morning,Friday
Dharampeth,21.165807,79.062392,Theft_Burglary,2025-07-23 10:24:36.544709,20,Evening,Wednesday
Itwari,21.089186,79.047629,Other,2024-09-03 10:24:36.544724,20,Evening,Tuesday
Sadar,21.145714,79.113436,Theft_Burglary,2024-09-16 08:24:36.544740,18,Evening,Monday
Mahal,21.188101,79.141869,Crimes_Against_Women,2024-11-16 05:24:36.544757,15,Afternoon,Saturday
Mahal,21.187392,79.102308,Other,2024-12-19 07:24:36.544773,17,Afternoon,Thursday
Sitabuldi,21.197538,79.137068,Assault_Violence,2025-01-13 11:24:36.544789,21,Evening,Monday
Sitabuldi,21.103314,79.083512,Theft_Burglary,2024-12-21 13:24:36.544805,23,Evening,Saturday
Ajni,21.195217,79.136093,Crimes_Against_Women,2025-02-27 18:24:36.544821,4,Night,Thursday
Itwari,21.133949,79.103314,Crimes_Against_Women,2025-01-27 17:24:36.544836,3,Night,Monday
Jaripatka,21.102493,79.089837,Robbery_Snatching,2025-01-15 10:24:36.544852,20,Evening,Wednesday
Manewada,21.196271,79.086133,Crimes_Against_Women,2025-03-30 11:24:36.544867,21,Evening,Sunday
Sadar,21.081851,79.147089,Assault_Violence,2025-01-02 12:24:36.544885,22,Evening,Thursday
Mahal,21.084604,79.140137,Crimes_Against_Women,2025-02-17 00:24:36.544902,10,Morning,Monday
Itwari,21.16988,79.123673,Theft_Burglary,2025-05-19 12:24:36.544917,22,Evening,Monday
Manewada,21.144692,79.143966,Other,2025-02-08 07:24:36.544934,17,Afternoon,Saturday
Jaripatka,21.115734,79.112019,Crimes_Against_Women,2025-08-12 04:24:36.544950,14,Afternoon,Tuesday
Jaripatka,21.155126,79.0859,Theft_Burglary,2025-04-21 13:24:36.544967,23,Evening,Monday
Sitabuldi,21.181283,79.098742,Crimes_Against_Women,2024-11-17 09:24:36.544983,19,Evening,Sunday
Dharampeth,21.193182,79.140883,Crimes_Against_Women,2024-11-02 13:24:36.545001,23,Evening,Saturday
Dharampeth,21.159074,79.096377,Crimes_Against_Women,2025-02-26 00:24:36.545018,10,Morning,Wednesday
Manewada,21.114303,79.122104,Crimes_Against_Women,2024-10-03 08:24:36.545033,18,Evening,Thursday
Jaripatka,21.087236,79.032182,Assault_Violence,2025-03-20 06:24:36.545049,16,Afternoon,Thursday
Sitabuldi,21.133268,79.031684,Crimes_Against_Women,2025-02-06 08:24:36.545065,18,Evening,Thursday
Itwari,21.178499,79.103388,Theft_Burglary,2025-05-06 14:24:36.545081,0,Night,Tuesday
Jaripatka,21.163189,79.048428,Crimes_Against_Women,2025-03-30 08:24:36.545096,18,Evening,Sunday
Jaripatka,21.180379,79.116662,Robbery_Snatching,2024-11-16 19:24:36.545112,5,Night,Saturday
Mankapur,21.182504,79.13849,Theft_Burglary,2025-02-09 19:24:36.545130,5,Night,Sunday
Dharampeth,21.134398,79.089728,Theft_Burglary,2024-12-08 02:24:36.545146,12,Afternoon,Sunday
Manewada,21.115748,79.073131,Other,2025-08-02 12:24:36.545161,22,Evening,Saturday
Jaripatka,21.110437,79.070521,Theft_Burglary,2025-07-28 10:24:36.545176,20,Evening,Monday
Mankapur,21.15252,79.066317,Robbery_Snatching,2024-11-15 05:24:36.545192,15,Afternoon,Friday
Manewada,21.172349,79.031314,Crimes_Against_Women,2024-10-10 21:24:36.545208,7,Morning,Thursday
Sitabuldi,21.120967,79.087031,Other,2025-01-06 12:24:36.545223,22,Evening,Monday
Mahal,21.175938,79.082566,Crimes_Against_Women,2025-08-12 13:24:36.545239,23,Evening,Tuesday
Mahal,21.137584,79.116951,Assault_Violence,2025-07-06 21:24:36.545254,7,Morning,Sunday
Ajni,21.178692,79.143914,Other,2025-07-12 09:24:36.545269,19,Evening,Saturday
Sadar,21.098486,79.051121,Theft_Burglary,2025-03-22 13:24:36.545285,23,Evening,Saturday
Ajni,21.19124,79.1244,Other,2025-04-24 04:24:36.545300,14,Afternoon,Thursday
Jaripatka,21.158974,79.10905,Robbery_Snatching,2025-04-21 22:24:36.545316,8,Morning,Monday
Dharampeth,21.10482,79.112813,Assault_Violence,2024-12-30 22:24:36.545332,8,Morning,Monday
Dharampeth,21.09104,79.046519,Crimes_Against_Women,2025-02-26 11:24:36.545348,21,Evening,Wednesday
Ajni,21.153373,79.076127,Theft_Burglary,2024-11-07 07:24:36.545364,17,Afternoon,Thursday
Sitabuldi,21.16082,79.046369,Crimes_Against_Women,2024-11-06 03:24:36.545381,13,Afternoon,Wednesday
Sitabuldi,21.111007,79.047019,Robbery_Snatching,2024-10-02 11:24:36.545398,21,Evening,Wednesday
Manewada,21.139329,79.025773,Theft_Burglary,2024-09-15 05:24:36.545413,15,Afternoon,Sunday
Jaripatka,21.193269,79.07048,Crimes_Against_Women,2025-01-12 11:24:36.545428,21,Evening,Sunday
Manewada,21.130998,79.06275,Assault_Violence,2024-11-01 08:24:36.545443,18,Evening,Friday
Mankapur,21.106174,79.06088,Theft_Burglary,2024-11-12 11:24:36.545459,21,Evening,Tuesday
Mankapur,21.152146,79.043062,Crimes_Against_Women,2024-09-02 13:24:36.545474,23,Evening,Monday
Sadar,21.166668,79.071738,Assault_Violence,2025-06-27 12:24:36.545490,22,Evening,Friday
Hudkeshwar,21.12401,79.126702,Assault_Violence,2025-01-22 23:24:36.545509,9,Morning,Wednesday
Sitabuldi,21.156114,79.13428,Crimes_Against_Women,2024-12-30 12:24:36.545527,22,Evening,Monday
Ajni,21.176594,79.145073,Crimes_Against_Women,2025-04-30 08:24:36.545543,18,Evening,Wednesday
Sadar,21.158346,79.131437,Crimes_Against_Women,2024-11-07 06:24:36.545560,16,Afternoon,Thursday
Mankapur,21.081117,79.073754,Other,2025-04-23 08:24:36.545576,18,Evening,Wednesday
Mahal,21.147754,79.133715,Other,2025-02-11 12:24:36.545592,22,Evening,Tuesday
Mahal,21.110079,79.116479,Theft_Burglary,2025-04-10 11:24:36.545608,21,Evening,Thursday
Mankapur,21.110656,79.066355,Crimes_Against_Women,2024-09-22 05:24:36.545624,15,Afternoon,Sunday
Itwari,21.092664,79.057164,Assault_Violence,2024-11-25 10:24:36.545642,20,Evening,Monday
Hudkeshwar,21.19703,79.144279,Crimes_Against_Women,2025-02-11 10:24:36.545658,20,Evening,Tuesday
Itwari,21.138259,79.071704,Theft_Burglary,2025-04-01 10:24:36.545727,20,Evening,Tuesday
Itwari,21.087287,79.027887,Assault_Violence,2024-12-24 23:24:36.545806,9,Morning,Tuesday
Dharampeth,21.089408,79.133839,Other,2025-06-01 10:24:36.545829,20,Evening,Sunday
Sitabuldi,21.194619,79.139559,Robbery_Snatching,2024-11-21 08:24:36.545848,18,Evening,Thursday
Sadar,21.108696,79.125046,Assault_Violence,2025-01-09 18:24:36.545866,4,Night,Thursday
Mankapur,21.088639,79.141666,Robbery_Snatching,2025-03-01 10:24:36.545882,20,Evening,Saturday
Itwari,21.164255,79.047685,Robbery_Snatching,2025-07-25 23:24:36.545898,9,Morning,Friday
Sitabuldi,21.198283,79.030586,Crimes_Against_Women,2025-03-16 13:24:36.545914,23,Evening,Sunday
Mankapur,21.150078,79.074032,Theft_Burglary,2024-12-23 06:24:36.545932,16,Afternoon,Monday
Sadar,21.118505,79.063143,Crimes_Against_Women,2024-09-15 05:24:36.545948,15,Afternoon,Sunday
Mankapur,21.15885,79.125213,Crimes_Against_Women,2025-03-26 03:24:36.545966,13,Afternoon,Wednesday
Itwari,21.137043,79.048002,Crimes_Against_Women,2024-10-27 01:24:36.545982,11,Morning,Sunday
Ajni,21.137672,79.068667,Robbery_Snatching,2024-09-20 11:24:36.545999,21,Evening,Friday
Manewada,21.197922,79.131606,Crimes_Against_Women,2025-06-23 11:24:36.546015,21,Evening,Monday
Ajni,21.094169,79.069096,Crimes_Against_Women,2024-10-30 12:24:36.546041,22,Evening,Wednesday
Manewada,21.093853,79.03901,Theft_Burglary,2024-11-09 10:24:36.546063,20,Evening,Saturday
Hudkeshwar,21.091873,79.096434,Other,2024-10-13 07:24:36.546079,17,Afternoon,Sunday
Jaripatka,21.191497,79.081254,Assault_Violence,2025-06-25 08:24:36.546095,18,Evening,Wednesday
Jaripatka,21.129806,79.136071,Crimes_Against_Women,2025-03-29 21:24:36.546111,7,Morning,Saturday
Sitabuldi,21.197762,79.077762,Theft_Burglary,2025-01-29 08:24:36.546127,18,Evening,Wednesday
Dharampeth,21.178567,79.093367,Assault_Violence,2025-04-11 10:24:36.546143,20,Evening,Friday
Mahal,21.131421,79.146243,Assault_Violence,2025-03-03 06:24:36.546158,16,Afternoon,Monday
Mankapur,21.197341,79.101702,Theft_Burglary,2025-08-21 03:24:36.546180,13,Afternoon,Thursday
Hudkeshwar,21.16015,79.125144,Theft_Burglary,2025-07-29 08:24:36.546197,18,Evening,Tuesday
Sadar,21.102023,79.036981,Assault_Violence,2025-04-07 10:24:36.546215,20,Evening,Monday
Itwari,21.080578,79.071506,Crimes_Against_Women,2024-11-10 05:24:36.546232,15,Afternoon,Sunday
Manewada,21.16361,79.069908,Other,2024-10-06 10:24:36.546248,20,Evening,Sunday
Sitabuldi,21.123771,79.09998,Other,2025-01-02 04:24:36.546264,14,Afternoon,Thursday
Jaripatka,21.172741,79.145347,Robbery_Snatching,2024-10-09 05:24:36.546280,15,Afternoon,Wednesday
Ajni,21.127839,79.034181,Other,2025-01-06 10:24:36.546296,20,Evening,Monday
Jaripatka,21.138778,79.140746,Crimes_Against_Women,2024-12-17 10:24:36.546313,20,Evening,Tuesday
Sadar,21.10144,79.125448,Crimes_Against_Women,2024-09-20 10:24:36.546330,20,Evening,Friday
Itwari,21.157912,79.075862,Theft_Burglary,2025-07-30 13:24:36.546346,23,Evening,Wednesday
Dharampeth,21.088297,79.120105,Theft_Burglary,2025-02-05 07:24:36.546362,17,Afternoon,Wednesday
Ajni,21.15727,79.114476,Crimes_Against_Women,2024-12-05 02:24:36.546378,12,Afternoon,Thursday
Itwari,21.120096,79.045651,Crimes_Against_Women,2025-02-20 21:24:36.546395,7,Morning,Thursday
Hudkeshwar,21.158584,79.10441,Theft_Burglary,2024-12-03 04:24:36.546412,14,Afternoon,Tuesday
Dharampeth,21.172904,79.041661,Theft_Burglary,2025-03-29 10:24:36.546428,20,Evening,Saturday
Ajni,21.109665,79.036201,Crimes_Against_Women,2025-05-21 07:24:36.546444,17,Afternoon,Wednesday
Dharampeth,21.101144,79.096514,Other,2025-03-25 11:24:36.546460,21,Evening,Tuesday
Dharampeth,21.172992,79.141348,Theft_Burglary,2024-12-18 10:24:36.546477,20,Evening,Wednesday
Jaripatka,21.084745,79.089118,Crimes_Against_Women,2025-05-06 20:24:36.546496,6,Morning,Tuesday
Sitabuldi,21.122624,79.052236,Theft_Burglary,2025-03-02 04:24:36.546511,14,Afternoon,Sunday
Sitabuldi,21.166861,79.073892,Assault_Violence,2025-03-08 07:24:36.546528,17,Afternoon,Saturday
Sadar,21.088696,79.059064,Theft_Burglary,2024-09-04 12:24:36.546545,22,Evening,Wednesday
Manewada,21.133337,79.10687,Theft_Burglary,2025-07-23 06:24:36.546562,16,Afternoon,Wednesday
Sitabuldi,21.118918,79.09449,Crimes_Against_Women,2024-09-16 06:24:36.546579,16,Afternoon,Monday
Mankapur,21.111284,79.145438,Crimes_Against_Women,2024-12-22 08:24:36.546596,18,Evening,Sunday
Mahal,21.167302,79.133484,Assault_Violence,2025-08-01 20:24:36.546613,6,Morning,Friday
Itwari,21.108174,79.136591,Robbery_Snatching,2025-05-01 16:24:36.546629,2,Night,Thursday
Sitabuldi,21.138277,79.134465,Other,2025-06-27 13:24:36.546645,23,Evening,Friday
Dharampeth,21.168956,79.127571,Theft_Burglary,2025-01-03 11:24:36.546662,21,Evening,Friday
Manewada,21.085591,79.104514,Assault_Violence,2024-10-03 09:24:36.546678,19,Evening,Thursday
Sitabuldi,21.109755,79.103831,Robbery_Snatching,2025-06-22 18:24:36.546695,4,Night,Sunday
Ajni,21.143212,79.029622,Assault_Violence,2025-02-06 01:24:36.546715,11,Morning,Thursday
Mankapur,21.170467,79.065292,Assault_Violence,2024-11-01 02:24:36.546732,12,Afternoon,Friday
Mankapur,21.169159,79.031531,Assault_Violence,2025-08-22 08:24:36.546748,18,Evening,Friday
Ajni,21.136161,79.090522,Other,2025-03-02 10:24:36.546766,20,Evening,Sunday
Manewada,21.194667,79.110795,Crimes_Against_Women,2025-02-11 05:24:36.546784,15,Afternoon,Tuesday
Mankapur,21.115152,79.141547,Assault_Violence,2024-09-18 01:24:36.546800,11,Morning,Wednesday
Sadar,21.081246,79.05929,Crimes_Against_Women,2025-03-08 10:24:36.546817,20,Evening,Saturday
Dharampeth,21.185412,79.06143,Assault_Violence,2025-03-15 07:24:36.546833,17,Afternoon,Saturday
Ajni,21.16856,79.07216,Assault_Violence,2025-02-07 10:24:36.546848,20,Evening,Friday
Sitabuldi,21.19031,79.103846,Assault_Violence,2025-07-23 07:24:36.546868,17,Afternoon,Wednesday
Ajni,21.154221,79.093196,Assault_Violence,2025-07-22 04:24:36.546884,14,Afternoon,Tuesday
Hudkeshwar,21.140384,79.081435,Crimes_Against_Women,2025-02-15 09:24:36.546900,19,Evening,Saturday
Sadar,21.126487,79.047597,Other,2025-04-21 08:24:36.546916,18,Evening,Monday
Ajni,21.168484,79.081856,Crimes_Against_Women,2025-04-22 11:24:36.546933,21,Evening,Tuesday
Mahal,21.164606,79.114225,Theft_Burglary,2025-06-30 07:24:36.546949,17,Afternoon,Monday
Sitabuldi,21.093289,79.11758,Other,2025-05-25 13:24:36.546965,23,Evening,Sunday
Ajni,21.161908,79.06547,Theft_Burglary,2025-07-09 20:24:36.546983,6,Morning,Wednesday
Jaripatka,21.187272,79.069036,Other,2024-08-31 05:24:36.546998,15,Afternoon,Saturday
Itwari,21.08184,79.119437,Crimes_Against_Women,2025-08-17 23:24:36.547014,9,Morning,Sunday
Manewada,21.109589,79.025767,Other,2025-03-25 23:24:36.547032,9,Morning,Tuesday
Dharampeth,21.086264,79.08337,Assault_Violence,2025-07-18 08:24:36.547048,18,Evening,Friday
Mankapur,21.135267,79.125125,Crimes_Against_Women,2025-06-27 09:24:36.547064,19,Evening,Friday
Mahal,21.135851,79.052927,Theft_Burglary,2025-06-13 08:24:36.547080,18,Evening,Friday
Sadar,21.15344,79.119247,Crimes_Against_Women,2025-03-24 02:24:36.547096,12,Afternoon,Monday
Ajni,21.161378,79.140509,Other,2024-11-29 08:24:36.547114,18,Evening,Friday
Hudkeshwar,21.107533,79.026556,Robbery_Snatching,2025-03-19 04:24:36.547129,14,Afternoon,Wednesday
Mankapur,21.157245,79.043539,Other,2025-01-31 05:24:36.547146,15,Afternoon,Friday
Sitabuldi,21.188289,79.116014,Crimes_Against_Women,2024-09-21 13:24:36.547162,23,Evening,Saturday
Mahal,21.180105,79.067186,Assault_Violence,2024-10-01 15:24:36.547179,1,Night,Tuesday
Dharampeth,21.173882,79.149957,Theft_Burglary,2025-07-10 02:24:36.547196,12,Afternoon,Thursday
Manewada,21.080122,79.026411,Crimes_Against_Women,2025-02-12 13:24:36.547213,23,Evening,Wednesday
Sadar,21.154463,79.044314,Other,2025-04-30 08:24:36.547230,18,Evening,Wednesday
Sadar,21.112376,79.044801,Assault_Violence,2025-02-27 12:24:36.547250,22,Evening,Thursday
Mahal,21.094,79.10782,Assault_Violence,2024-09-06 07:24:36.547271,17,Afternoon,Friday
Itwari,21.081368,79.026529,Assault_Violence,2025-01-09 10:24:36.547289,20,Evening,Thursday
Jaripatka,21.13497,79.027513,Crimes_Against_Women,2025-06-09 07:24:36.547306,17,Afternoon,Monday
Mankapur,21.190388,79.10497,Theft_Burglary,2025-03-26 10:24:36.547322,20,Evening,Wednesday
Hudkeshwar,21.191943,79.056764,Crimes_Against_Women,2025-02-15 09:24:36.547363,19,Evening,Saturday
Mankapur,21.130443,79.062381,Crimes_Against_Women,2024-11-03 08:24:36.547383,18,Evening,Sunday
Manewada,21.086049,79.066711,Theft_Burglary,2025-04-23 12:24:36.547399,22,Evening,Wednesday
Dharampeth,21.140277,79.035772,Theft_Burglary,2025-06-14 10:24:36.547415,20,Evening,Saturday
Sitabuldi,21.081216,79.113631,Robbery_Snatching,2024-12-05 12:24:36.547432,22,Evening,Thursday
Ajni,21.155715,79.106171,Assault_Violence,2025-06-09 02:24:36.547448,12,Afternoon,Monday
Manewada,21.188314,79.064667,Assault_Violence,2025-06-28 06:24:36.547464,16,Afternoon,Saturday
Hudkeshwar,21.184236,79.029108,Assault_Violence,2025-02-24 08:24:36.547480,18,Evening,Monday
Itwari,21.122201,79.109143,Theft_Burglary,2025-01-15 01:24:36.547501,11,Morning,Wednesday
Itwari,21.184685,79.089304,Other,2025-06-14 11:24:36.547519,21,Evening,Saturday
Ajni,21.11954,79.034947,Crimes_Against_Women,2025-07-28 05:24:36.547536,15,Afternoon,Monday
Itwari,21.127791,79.144306,Crimes_Against_Women,2024-09-22 08:24:36.547553,18,Evening,Sunday
Sadar,21.127659,79.079075,Robbery_Snatching,2025-07-09 13:24:36.547570,23,Evening,Wednesday
Dharampeth,21.188444,79.076547,Assault_Violence,2025-03-12 07:24:36.547586,17,Afternoon,Wednesday
Itwari,21.085397,79.041636,Theft_Burglary,2024-11-18 20:24:36.547604,6,Morning,Monday
Ajni,21.164581,79.144278,Crimes_Against_Women,2024-11-27 09:24:36.547622,19,Evening,Wednesday
Sadar,21.190069,79.077492,Crimes_Against_Women,2025-05-19 04:24:36.547638,14,Afternoon,Monday
Mahal,21.121798,79.049573,Crimes_Against_Women,2025-02-28 22:24:36.547654,8,Morning,Friday
Itwari,21.104725,79.038103,Robbery_Snatching,2025-06-12 02:24:36.547672,12,Afternoon,Thursday
Itwari,21.160862,79.045953,Crimes_Against_Women,2025-02-26 21:24:36.547690,7,Morning,Wednesday
Manewada,21.148352,79.133211,Crimes_Against_Women,2025-07-31 11:24:36.547831,21,Evening,Thursday
Sitabuldi,21.083078,79.108512,Theft_Burglary,2025-07-04 08:24:36.547894,18,Evening,Friday
Sitabuldi,21.083311,79.081792,Crimes_Against_Women,2025-02-21 04:24:36.547926,14,Afternoon,Friday
Sadar,21.159585,79.110028,Crimes_Against_Women,2025-08-11 13:24:36.547952,23,Evening,Monday
Mahal,21.128303,79.118414,Theft_Burglary,2024-10-23 22:24:36.547979,8,Morning,Wednesday
Mahal,21.185875,79.079723,Crimes_Against_Women,2025-07-14 02:24:36.548005,12,Afternoon,Monday
Ajni,21.152716,79.020272,Crimes_Against_Women,2025-07-21 10:24:36.548030,20,Evening,Monday
Itwari,21.18639,79.060495,Crimes_Against_Women,2025-07-15 01:24:36.548070,11,Morning,Tuesday
Sitabuldi,21.184465,79.069632,Other,2025-04-06 12:24:36.548095,22,Evening,Sunday
Sadar,21.114196,79.046115,Robbery_Snatching,2024-11-29 22:24:36.548120,8,Morning,Friday
Itwari,21.149751,79.027819,Other,2025-01-12 05:24:36.548144,15,Afternoon,Sunday
Sitabuldi,21.164676,79.102103,Other,2024-11-30 08:24:36.548167,18,Evening,Saturday
Ajni,21.102724,79.022966,Crimes_Against_Women,2025-05-23 13:24:36.548191,23,Evening,Friday
Mankapur,21.102738,79.046001,Theft_Burglary,2025-01-17 06:24:36.548216,16,Afternoon,Friday
Sitabuldi,21.109685,79.056504,Other,2024-10-28 11:24:36.548240,21,Evening,Monday
Mankapur,21.084835,79.040368,Robbery_Snatching,2024-10-14 09:24:36.548268,19,Evening,Monday
Mahal,21.118804,79.110134,Assault_Violence,2025-02-03 18:24:36.548294,4,Night,Monday
Dharampeth,21.09069,79.073636,Assault_Violence,2025-08-20 06:24:36.548319,16,Afternoon,Wednesday
Mahal,21.194215,79.059126,Other,2024-11-29 06:24:36.548343,16,Afternoon,Friday
Ajni,21.086312,79.061258,Assault_Violence,2025-07-24 13:24:36.548367,23,Evening,Thursday
Sitabuldi,21.199871,79.123866,Theft_Burglary,2024-09-07 03:24:36.548391,13,Afternoon,Saturday
Sitabuldi,21.144051,79.112362,Crimes_Against_Women,2025-07-10 11:24:36.548415,21,Evening,Thursday
Sadar,21.187688,79.149761,Assault_Violence,2025-03-03 04:24:36.548439,14,Afternoon,Monday
Sitabuldi,21.135178,79.064449,Crimes_Against_Women,2025-01-29 08:24:36.548462,18,Evening,Wednesday
Sadar,21.100401,79.028787,Other,2024-11-16 12:24:36.548486,22,Evening,Saturday
Mankapur,21.09798,79.145903,Crimes_Against_Women,2025-01-27 13:24:36.548509,23,Evening,Monday
Dharampeth,21.161884,79.09173,Theft_Burglary,2025-04-06 02:24:36.548533,12,Afternoon,Sunday
Dharampeth,21.187205,79.122863,Assault_Violence,2025-05-24 19:24:36.548556,5,Night,Saturday
Mankapur,21.193582,79.049165,Assault_Violence,2025-01-01 18:24:36.548579,4,Night,Wednesday
Sitabuldi,21.162457,79.032593,Crimes_Against_Women,2025-01-05 00:24:36.548602,10,Morning,Sunday
Jaripatka,21.172557,79.038278,Crimes_Against_Women,2025-03-02 01:24:36.548626,11,Morning,Sunday
Dharampeth,21.155476,79.145761,Robbery_Snatching,2025-07-18 08:24:36.548648,18,Evening,Friday
Sitabuldi,21.088909,79.079967,Theft_Burglary,2024-10-12 01:24:36.548671,11,Morning,Saturday
Sitabuldi,21.117029,79.078777,Other,2025-04-15 10:24:36.548695,20,Evening,Tuesday
Jaripatka,21.192078,79.053248,Other,2024-10-20 03:24:36.548718,13,Afternoon,Sunday
Mankapur,21.192744,79.055034,Assault_Violence,2025-08-01 03:24:36.548741,13,Afternoon,Friday
Itwari,21.127507,79.083285,Theft_Burglary,2024-12-07 13:24:36.548764,23,Evening,Saturday
Itwari,21.158162,79.021335,Crimes_Against_Women,2024-08-30 20:24:36.548788,6,Morning,Friday
Dharampeth,21.121149,79.051596,Crimes_Against_Women,2025-07-08 20:24:36.548812,6,Morning,Tuesday
Manewada,21.177894,79.046832,Crimes_Against_Women,2025-05-17 12:24:36.548840,22,Evening,Saturday
Dharampeth,21.089506,79.144457,Crimes_Against_Women,2025-04-04 10:24:36.548865,20,Evening,Friday
Sitabuldi,21.099027,79.057995,Theft_Burglary,2024-10-12 05:24:36.548889,15,Afternoon,Saturday
Mankapur,21.177608,79.04645,Crimes_Against_Women,2025-01-25 09:24:36.548913,19,Evening,Saturday
Dharampeth,21.194909,79.02052,Assault_Violence,2024-12-03 21:24:36.548937,7,Morning,Tuesday
Itwari,21.111498,79.103923,Crimes_Against_Women,2025-07-22 09:24:36.548960,19,Evening,Tuesday
Manewada,21.139566,79.116913,Crimes_Against_Women,2025-03-23 12:24:36.548983,22,Evening,Sunday
Sitabuldi,21.162211,79.05012,Assault_Violence,2024-12-24 09:24:36.549008,19,Evening,Tuesday
Hudkeshwar,21.129832,79.135352,Robbery_Snatching,2025-06-27 13:24:36.549031,23,Evening,Friday
Mahal,21.145484,79.099967,Assault_Violence,2025-04-11 05:24:36.549055,15,Afternoon,Friday
Itwari,21.114677,79.055271,Assault_Violence,2025-08-14 09:24:36.549172,19,Evening,Thursday
Sadar,21.130486,79.064654,Crimes_Against_Women,2025-06-06 11:24:36.549218,21,Evening,Friday
Sitabuldi,21.098728,79.097835,Assault_Violence,2025-06-02 10:24:36.549249,20,Evening,Monday
Sadar,21.183433,79.048945,Robbery_Snatching,2025-03-04 22:24:36.549422,8,Morning,Tuesday
Mankapur,21.087289,79.037232,Crimes_Against_Women,2025-08-09 08:24:36.549562,18,Evening,Saturday
Dharampeth,21.101095,79.076548,Crimes_Against_Women,2024-09-01 11:24:36.549592,21,Evening,Sunday
Hudkeshwar,21.141197,79.09791,Assault_Violence,2024-09-12 13:24:36.549611,23,Evening,Thursday
Sitabuldi,21.170389,79.104044,Theft_Burglary,2024-12-27 16:24:36.549642,2,Night,Friday
Sitabuldi,21.11417,79.089546,Assault_Violence,2024-09-14 10:24:36.549659,20,Evening,Saturday
Jaripatka,21.105793,79.104529,Assault_Violence,2024-10-16 23:24:36.549675,9,Morning,Wednesday
Manewada,21.135623,79.085811,Other,2025-05-29 18:24:36.549691,4,Night,Thursday
Itwari,21.092453,79.033345,Other,2025-02-24 10:24:36.549707,20,Evening,Monday
Itwari,21.158341,79.079617,Other,2024-12-26 05:24:36.549727,15,Afternoon,Thursday
Dharampeth,21.163465,79.124858,Theft_Burglary,2025-02-17 12:24:36.549744,22,Evening,Monday
Jaripatka,21.166044,79.088517,Assault_Violence,2024-12-15 04:24:36.549760,14,Afternoon,Sunday
Hudkeshwar,21.143548,79.043688,Crimes_Against_Women,2024-11-30 10:24:36.549775,20,Evening,Saturday
Mankapur,21.115525,79.095146,Assault_Violence,2024-12-18 11:24:36.549794,21,Evening,Wednesday
Sitabuldi,21.157833,79.020049,Crimes_Against_Women,2024-09-23 09:24:36.549810,19,Evening,Monday
Mankapur,21.084917,79.145391,Crimes_Against_Women,2025-02-20 08:24:36.549825,18,Evening,Thursday
Dharampeth,21.101893,79.141309,Assault_Violence,2025-06-18 02:24:36.549841,12,Afternoon,Wednesday
Dharampeth,21.156506,79.094725,Theft_Burglary,2024-09-28 10:24:36.549857,20,Evening,Saturday
Itwari,21.081732,79.092176,Other,2025-04-20 12:24:36.549894,22,Evening,Sunday
Jaripatka,21.109041,79.064742,Assault_Violence,2025-04-26 08:24:36.549911,18,Evening,Saturday
Dharampeth,21.139276,79.061425,Crimes_Against_Women,2025-07-22 11:24:36.549928,21,Evening,Tuesday
Dharampeth,21.132698,79.129521,Robbery_Snatching,2025-08-18 05:24:36.549948,15,Afternoon,Monday
Dharampeth,21.128425,79.06917,Theft_Burglary,2025-01-23 06:24:36.549964,16,Afternoon,Thursday
Itwari,21.103154,79.025809,Crimes_Against_Women,2024-12-13 01:24:36.549980,11,Morning,Friday
Mahal,21.145749,79.036956,Crimes_Against_Women,2025-05-19 16:24:36.549996,2,Night,Monday
Mahal,21.126027,79.02547,Other,2025-02-02 02:24:36.550012,12,Afternoon,Sunday
Itwari,21.1385,79.082946,Crimes_Against_Women,2024-11-14 04:24:36.550029,14,Afternoon,Thursday
Itwari,21.197574,79.029307,Robbery_Snatching,2024-12-04 00:24:36.550049,10,Morning,Wednesday
Sadar,21.088328,79.031935,Crimes_Against_Women,2024-09-27 12:24:36.550067,22,Evening,Friday
Ajni,21.179869,79.022295,Other,2025-06-12 13:24:36.550084,23,Evening,Thursday
Manewada,21.122107,79.072946,Assault_Violence,2025-04-01 13:24:36.550100,23,Evening,Tuesday
Ajni,21.144193,79.127795,Theft_Burglary,2025-03-22 12:24:36.550116,22,Evening,Saturday
Jaripatka,21.107064,79.147914,Assault_Violence,2024-11-02 04:24:36.550133,14,Afternoon,Saturday
Dharampeth,21.169243,79.118055,Theft_Burglary,2025-03-17 10:24:36.550148,20,Evening,Monday
Mahal,21.160906,79.022365,Assault_Violence,2025-02-04 12:24:36.550164,22,Evening,Tuesday
Sitabuldi,21.151664,79.121068,Theft_Burglary,2024-09-29 12:24:36.550180,22,Evening,Sunday
Hudkeshwar,21.106934,79.118387,Theft_Burglary,2025-02-05 07:24:36.550196,17,Afternoon,Wednesday
Sadar,21.169204,79.085047,Other,2025-01-03 10:24:36.550211,20,Evening,Friday
Sitabuldi,21.1521,79.113546,Robbery_Snatching,2025-01-12 01:24:36.550227,11,Morning,Sunday
Sitabuldi,21.154302,79.138002,Theft_Burglary,2025-07-17 13:24:36.550242,23,Evening,Thursday
Manewada,21.133286,79.095998,Crimes_Against_Women,2025-01-14 21:24:36.550257,7,Morning,Tuesday
Jaripatka,21.105415,79.075038,Crimes_Against_Women,2025-02-22 13:24:36.550273,23,Evening,Saturday
Dharampeth,21.176145,79.097065,Crimes_Against_Women,2024-11-11 05:24:36.550288,15,Afternoon,Monday
Hudkeshwar,21.146829,79.090779,Theft_Burglary,2024-11-12 10:24:36.550303,20,Evening,Tuesday
Sitabuldi,21.123027,79.051015,Assault_Violence,2025-03-31 11:24:36.550319,21,Evening,Monday
Itwari,21.103794,79.049578,Crimes_Against_Women,2025-05-13 12:24:36.550334,22,Evening,Tuesday
Mahal,21.105888,79.029099,Assault_Violence,2025-03-20 10:24:36.550350,20,Evening,Thursday
Mankapur,21.175145,79.045231,Assault_Violence,2025-05-08 15:24:36.550365,1,Night,Thursday
Sitabuldi,21.18292,79.06837,Assault_Violence,2024-10-23 07:24:36.550381,17,Afternoon,Wednesday
Dharampeth,21.087725,79.111387,Crimes_Against_Women,2024-08-25 13:24:36.550396,23,Evening,Sunday
Sadar,21.093114,79.073692,Other,2025-02-19 06:24:36.550415,16,Afternoon,Wednesday
Sitabuldi,21.180334,79.026108,Crimes_Against_Women,2024-11-28 03:24:36.550432,13,Afternoon,Thursday
Jaripatka,21.196152,79.084203,Assault_Violence,2024-12-30 23:24:36.550448,9,Morning,Monday
Sitabuldi,21.19201,79.085603,Crimes_Against_Women,2025-05-05 18:24:36.550464,4,Night,Monday
Itwari,21.130414,79.047674,Assault_Violence,2025-04-10 09:24:36.550479,19,Evening,Thursday
Sitabuldi,21.106974,79.114665,Theft_Burglary,2025-02-14 13:24:36.550495,23,Evening,Friday
Sitabuldi,21.150244,79.058734,Crimes_Against_Women,2024-10-30 07:24:36.550511,17,Afternoon,Wednesday
Mankapur,21.109729,79.088017,Assault_Violence,2025-02-04 21:24:36.550527,7,Morning,Tuesday
Itwari,21.102653,79.119383,Theft_Burglary,2024-10-10 09:24:36.550543,19,Evening,Thursday
Ajni,21.142475,79.032635,Theft_Burglary,2024-12-17 08:24:36.550558,18,Evening,Tuesday
Sadar,21.17106,79.028621,Other,2024-09-11 10:24:36.550574,20,Evening,Wednesday
Jaripatka,21.103209,79.028284,Assault_Violence,2025-08-05 22:24:36.550590,8,Morning,Tuesday
Ajni,21.097827,79.055815,Assault_Violence,2024-12-19 16:24:36.550606,2,Night,Thursday
Dharampeth,21.150558,79.129178,Other,2025-03-25 20:24:36.550623,6,Morning,Tuesday
Itwari,21.17336,79.060123,Assault_Violence,2025-07-06 12:24:36.550639,22,Evening,Sunday
Sitabuldi,21.162259,79.103974,Assault_Violence,2024-09-18 12:24:36.550655,22,Evening,Wednesday
Dharampeth,21.106463,79.106564,Crimes_Against_Women,2024-10-28 13:24:36.550672,23,Evening,Monday
Itwari,21.180812,79.088475,Theft_Burglary,2025-01-30 12:24:36.550687,22,Evening,Thursday
Itwari,21.105472,79.04707,Other,2025-03-09 11:24:36.550703,21,Evening,Sunday
Hudkeshwar,21.146625,79.021844,Crimes_Against_Women,2024-08-25 12:24:36.550719,22,Evening,Sunday
Mahal,21.088934,79.095432,Assault_Violence,2025-01-05 02:24:36.550735,12,Afternoon,Sunday
Itwari,21.160119,79.022223,Theft_Burglary,2025-07-29 12:24:36.550751,22,Evening,Tuesday
Dharampeth,21.199363,79.037223,Theft_Burglary,2025-05-01 10:24:36.550766,20,Evening,Thursday
Jaripatka,21.174708,79.032975,Theft_Burglary,2025-08-01 02:24:36.550782,12,Afternoon,Friday
Sitabuldi,21.185959,79.147779,Assault_Violence,2025-02-13 13:24:36.550797,23,Evening,Thursday
Jaripatka,21.129936,79.064996,Crimes_Against_Women,2025-01-04 06:24:36.550814,16,Afternoon,Saturday
Dharampeth,21.116511,79.041932,Crimes_Against_Women,2025-07-21 09:24:36.550830,19,Evening,Monday
Jaripatka,21.157369,79.041483,Other,2025-07-30 12:24:36.550846,22,Evening,Wednesday
Sitabuldi,21.113337,79.143287,Theft_Burglary,2025-06-20 22:24:36.550861,8,Morning,Friday
Itwari,21.158103,79.034182,Assault_Violence,2025-05-15 23:24:36.550877,9,Morning,Thursday
Sadar,21.165366,79.082165,Other,2024-11-21 06:24:36.550892,16,Afternoon,Thursday
Mahal,21.083465,79.037158,Other,2024-12-31 02:24:36.550907,12,Afternoon,Tuesday
Sadar,21.086734,79.03124,Assault_Violence,2025-07-16 07:24:36.550926,17,Afternoon,Wednesday
Dharampeth,21.136995,79.090013,Assault_Violence,2025-01-08 06:24:36.550942,16,Afternoon,Wednesday
Jaripatka,21.100006,79.089401,Robbery_Snatching,2025-01-04 12:24:36.550959,22,Evening,Saturday
Sadar,21.111314,79.053202,Crimes_Against_Women,2025-06-28 12:24:36.550976,22,Evening,Saturday
Hudkeshwar,21.114648,79.104287,Other,2025-01-02 23:24:36.550992,9,Morning,Thursday
Sadar,21.159546,79.092608,Theft_Burglary,2025-05-05 08:24:36.551007,18,Evening,Monday
Sadar,21.15138,79.031003,Crimes_Against_Women,2024-10-09 09:24:36.551023,19,Evening,Wednesday
Sitabuldi,21.08435,79.142971,Other,2024-12-29 08:24:36.551039,18,Evening,Sunday
Dharampeth,21.115879,79.147361,Other,2024-10-13 11:24:36.551058,21,Evening,Sunday
Mankapur,21.155212,79.086123,Robbery_Snatching,2025-02-23 12:24:36.551075,22,Evening,Sunday
Sadar,21.131061,79.085044,Theft_Burglary,2025-05-09 06:24:36.551094,16,Afternoon,Friday
Mahal,21.185583,79.129209,Other,2025-02-17 11:24:36.551110,21,Evening,Monday
Mankapur,21.163979,79.077947,Theft_Burglary,2025-04-12 23:24:36.551126,9,Morning,Saturday
Sitabuldi,21.1826,79.122779,Robbery_Snatching,2024-11-07 12:24:36.551142,22,Evening,Thursday
Mahal,21.155143,79.075886,Robbery_Snatching,2025-05-20 02:24:36.551158,12,Afternoon,Tuesday
Itwari,21.161705,79.025387,Crimes_Against_Women,2025-08-01 07:24:36.551174,17,Afternoon,Friday
Sadar,21.130641,79.054265,Theft_Burglary,2025-01-25 13:24:36.551189,23,Evening,Saturday
Sitabuldi,21.193429,79.100458,Robbery_Snatching,2024-11-11 09:24:36.551206,19,Evening,Monday
Mankapur,21.179395,79.034678,Theft_Burglary,2025-05-01 09:24:36.551244,19,Evening,Thursday
Jaripatka,21.122412,79.140747,Robbery_Snatching,2025-06-16 01:24:36.551261,11,Morning,Monday
Hudkeshwar,21.188845,79.074636,Assault_Violence,2025-04-13 07:24:36.551277,17,Afternoon,Sunday
Hudkeshwar,21.16715,79.026268,Assault_Violence,2024-09-28 18:24:36.551293,4,Night,Saturday
Sitabuldi,21.0966,79.103275,Assault_Violence,2024-09-09 10:24:36.551308,20,Evening,Monday
Dharampeth,21.085075,79.070909,Crimes_Against_Women,2025-07-05 09:24:36.551323,19,Evening,Saturday
Mahal,21.109873,79.091978,Theft_Burglary,2025-03-24 14:24:36.551339,0,Night,Monday
Mahal,21.131301,79.05856,Other,2025-05-29 07:24:36.551360,17,Afternoon,Thursday
Sadar,21.119908,79.135342,Assault_Violence,2024-11-28 05:24:36.551379,15,Afternoon,Thursday
Dharampeth,21.101385,79.098549,Theft_Burglary,2025-04-26 07:24:36.551396,17,Afternoon,Saturday
Sadar,21.151239,79.117755,Theft_Burglary,2024-12-04 08:24:36.551412,18,Evening,Wednesday
Mahal,21.154221,79.146915,Robbery_Snatching,2025-03-29 13:24:36.551429,23,Evening,Saturday
Dharampeth,21.14281,79.041437,Robbery_Snatching,2025-06-29 01:24:36.551577,11,Morning,Sunday
Mahal,21.148285,79.111716,Other,2025-01-24 23:24:36.551599,9,Morning,Friday
Hudkeshwar,21.107653,79.026811,Robbery_Snatching,2025-05-27 12:24:36.551622,22,Evening,Tuesday
Mankapur,21.15638,79.11762,Theft_Burglary,2024-11-24 21:24:36.551643,7,Morning,Sunday
Sitabuldi,21.188914,79.064949,Other,2025-02-06 13:24:36.551662,23,Evening,Thursday
Mahal,21.110435,79.056362,Crimes_Against_Women,2025-01-03 15:24:36.551680,1,Night,Friday
Mankapur,21.179415,79.041812,Other,2025-02-23 09:24:36.551706,19,Evening,Sunday
Jaripatka,21.089835,79.067031,Crimes_Against_Women,2024-08-31 13:24:36.551725,23,Evening,Saturday
Sadar,21.150852,79.111676,Assault_Violence,2025-02-11 07:24:36.551744,17,Afternoon,Tuesday
Sitabuldi,21.185632,79.067864,Theft_Burglary,2025-02-23 12:24:36.551762,22,Evening,Sunday
Ajni,21.132495,79.135114,Other,2025-05-18 19:24:36.551781,5,Night,Sunday
Manewada,21.082176,79.053177,Assault_Violence,2025-02-23 11:24:36.551804,21,Evening,Sunday
Mankapur,21.185173,79.050482,Assault_Violence,2025-01-16 13:24:36.551825,23,Evening,Thursday
Sadar,21.106921,79.076735,Robbery_Snatching,2025-06-25 07:24:36.551846,17,Afternoon,Wednesday
Mankapur,21.097908,79.089557,Crimes_Against_Women,2025-04-20 19:24:36.551867,5,Night,Sunday
Itwari,21.138678,79.06696,Theft_Burglary,2024-09-06 22:24:36.551889,8,Morning,Friday
Dharampeth,21.092241,79.130565,Theft_Burglary,2024-10-07 13:24:36.551909,23,Evening,Monday
Manewada,21.165792,79.074788,Other,2025-06-12 06:24:36.551933,16,Afternoon,Thursday
Jaripatka,21.123586,79.134406,Robbery_Snatching,2025-05-15 02:24:36.551958,12,Afternoon,Thursday
Itwari,21.185448,79.141577,Assault_Violence,2024-12-23 08:24:36.551980,18,Evening,Monday
Itwari,21.18152,79.038312,Theft_Burglary,2025-01-05 10:24:36.552000,20,Evening,Sunday
Mahal,21.180116,79.06193,Crimes_Against_Women,2024-12-04 00:24:36.552020,10,Morning,Wednesday
Jaripatka,21.182789,79.029169,Other,2024-11-02 07:24:36.552043,17,Afternoon,Saturday
Mahal,21.114355,79.065547,Other,2024-12-10 00:24:36.552063,10,Morning,Tuesday
Jaripatka,21.171116,79.07681,Assault_Violence,2024-12-29 18:24:36.552083,4,Night,Sunday
Jaripatka,21.119516,79.07153,Crimes_Against_Women,2025-04-08 13:24:36.552103,23,Evening,Tuesday
Hudkeshwar,21.138114,79.042472,Robbery_Snatching,2025-06-10 18:24:36.552126,4,Night,Tuesday
Itwari,21.181039,79.13977,Crimes_Against_Women,2024-10-13 22:24:36.552150,8,Morning,Sunday
Sadar,21.157507,79.083956,Theft_Burglary,2025-03-03 09:24:36.552172,19,Evening,Monday
Mankapur,21.133788,79.12969,Other,2025-06-27 16:24:36.552192,2,Night,Friday
Manewada,21.18549,79.067953,Assault_Violence,2025-02-12 13:24:36.552213,23,Evening,Wednesday
Mankapur,21.087802,79.132897,Theft_Burglary,2024-11-07 07:24:36.552235,17,Afternoon,Thursday
Sitabuldi,21.190047,79.076835,Theft_Burglary,2025-02-12 07:24:36.552256,17,Afternoon,Wednesday
Mahal,21.087324,79.028262,Crimes_Against_Women,2025-02-14 05:24:36.552275,15,Afternoon,Friday
Dharampeth,21.163605,79.126292,Assault_Violence,2024-12-19 03:24:36.552302,13,Afternoon,Thursday
Itwari,21.142836,79.030703,Theft_Burglary,2024-12-30 12:24:36.552322,22,Evening,Monday
Mankapur,21.108477,79.097787,Crimes_Against_Women,2025-03-13 04:24:36.552343,14,Afternoon,Thursday
Sadar,21.127957,79.074493,Assault_Violence,2024-11-10 11:24:36.552361,21,Evening,Sunday
Jaripatka,21.170295,79.071846,Crimes_Against_Women,2025-08-18 09:24:36.552380,19,Evening,Monday
Hudkeshwar,21.124061,79.124768,Robbery_Snatching,2025-07-22 05:24:36.552401,15,Afternoon,Tuesday
Dharampeth,21.100418,79.097098,Crimes_Against_Women,2024-11-19 12:24:36.552420,22,Evening,Tuesday
Mahal,21.184651,79.140455,Crimes_Against_Women,2024-11-16 09:24:36.552439,19,Evening,Saturday
Dharampeth,21.148358,79.063808,Crimes_Against_Women,2025-07-19 09:24:36.552458,19,Evening,Saturday
Sitabuldi,21.134343,79.091112,Other,2024-10-31 10:24:36.552482,20,Evening,Thursday
Itwari,21.199886,79.086298,Theft_Burglary,2024-11-24 05:24:36.552502,15,Afternoon,Sunday
Manewada,21.142083,79.111922,Crimes_Against_Women,2025-03-17 15:24:36.552519,1,Night,Monday
Mahal,21.177119,79.128413,Assault_Violence,2025-04-20 02:24:36.552538,12,Afternoon,Sunday
Mahal,21.176814,79.108747,Crimes_Against_Women,2025-02-28 12:24:36.552554,22,Evening,Friday
Itwari,21.099084,79.062867,Assault_Violence,2025-06-15 12:24:36.552571,22,Evening,Sunday
Mankapur,21.094042,79.049251,Theft_Burglary,2025-07-15 03:24:36.552589,13,Afternoon,Tuesday
Ajni,21.173634,79.029091,Crimes_Against_Women,2025-04-03 20:24:36.552609,6,Morning,Thursday
Mahal,21.103399,79.104799,Assault_Violence,2025-03-10 06:24:36.552628,16,Afternoon,Monday
Hudkeshwar,21.122602,79.078469,Theft_Burglary,2024-11-13 18:24:36.552645,4,Night,Wednesday
Sadar,21.11161,79.076666,Theft_Burglary,2025-06-15 06:24:36.552661,16,Afternoon,Sunday
Dharampeth,21.127254,79.059027,Robbery_Snatching,2024-10-19 08:24:36.552677,18,Evening,Saturday
Sadar,21.195558,79.106935,Other,2025-06-25 04:24:36.552693,14,Afternoon,Wednesday
Mankapur,21.139665,79.077532,Theft_Burglary,2024-10-05 06:24:36.552711,16,Afternoon,Saturday
Sadar,21.138312,79.109024,Theft_Burglary,2024-09-02 12:24:36.552727,22,Evening,Monday
Hudkeshwar,21.164956,79.121434,Theft_Burglary,2024-10-22 05:24:36.552744,15,Afternoon,Tuesday
Manewada,21.187946,79.107237,Theft_Burglary,2025-07-19 11:24:36.552760,21,Evening,Saturday
Sitabuldi,21.168541,79.065765,Theft_Burglary,2024-12-22 08:24:36.552778,18,Evening,Sunday
Manewada,21.18702,79.122045,Theft_Burglary,2024-11-06 03:24:36.552795,13,Afternoon,Wednesday
Itwari,21.195092,79.088964,Robbery_Snatching,2024-11-09 05:24:36.552813,15,Afternoon,Saturday
Sitabuldi,21.08639,79.093444,Assault_Violence,2024-08-27 04:24:36.552829,14,Afternoon,Tuesday
Sadar,21.103617,79.07636,Crimes_Against_Women,2025-03-17 10:24:36.552845,20,Evening,Monday
Dharampeth,21.175956,79.090431,Assault_Violence,2025-04-06 14:24:36.552862,0,Night,Sunday
Dharampeth,21.0853,79.02582,Crimes_Against_Women,2025-06-20 07:24:36.552887,17,Afternoon,Friday
Itwari,21.193081,79.104592,Theft_Burglary,2025-05-25 21:24:36.552905,7,Morning,Sunday
Sitabuldi,21.156114,79.025811,Assault_Violence,2025-01-11 04:24:36.552923,14,Afternoon,Saturday
Sitabuldi,21.195084,79.072271,Assault_Violence,2025-05-11 03:24:36.552940,13,Afternoon,Sunday
Mahal,21.144499,79.068853,Other,2024-09-16 23:24:36.552956,9,Morning,Monday
Mankapur,21.09664,79.026464,Crimes_Against_Women,2024-09-28 07:24:36.552975,17,Afternoon,Saturday
Sitabuldi,21.103152,79.139326,Assault_Violence,2025-07-16 10:24:36.552992,20,Evening,Wednesday
Mankapur,21.147491,79.144561,Theft_Burglary,2025-08-17 15:24:36.553008,1,Night,Sunday
Mankapur,21.198658,79.10393,Crimes_Against_Women,2024-09-23 10:24:36.553025,20,Evening,Monday
Ajni,21.099518,79.058745,Crimes_Against_Women,2024-12-22 10:24:36.553042,20,Evening,Sunday
Mankapur,21.135799,79.137001,Theft_Burglary,2025-06-14 17:24:36.553057,3,Night,Saturday
Mahal,21.172277,79.040888,Assault_Violence,2025-02-14 02:24:36.553075,12,Afternoon,Friday
Jaripatka,21.192223,79.149925,Assault_Violence,2024-11-19 08:24:36.553091,18,Evening,Tuesday
Sadar,21.18724,79.060725,Other,2024-12-05 10:24:36.553111,20,Evening,Thursday
Mankapur,21.123737,79.083388,Assault_Violence,2025-05-09 11:24:36.553143,21,Evening,Friday
Mankapur,21.138293,79.046158,Other,2024-09-15 20:24:36.553161,6,Morning,Sunday
Hudkeshwar,21.151056,79.116403,Other,2024-12-18 12:24:36.553177,22,Evening,Wednesday
Hudkeshwar,21.137889,79.09416,Assault_Violence,2024-12-10 10:24:36.553193,20,Evening,Tuesday
Manewada,21.194824,79.028861,Crimes_Against_Women,2025-06-04 08:24:36.553209,18,Evening,Wednesday
Mankapur,21.172539,79.02681,Theft_Burglary,2025-04-03 01:24:36.553226,11,Morning,Thursday
Itwari,21.166707,79.027213,Crimes_Against_Women,2025-01-03 11:24:36.553269,21,Evening,Friday
Jaripatka,21.093715,79.134466,Crimes_Against_Women,2024-08-28 04:24:36.553286,14,Afternoon,Wednesday
Manewada,21.081203,79.040785,Robbery_Snatching,2024-09-13 23:24:36.553303,9,Morning,Friday
Ajni,21.128364,79.147329,Theft_Burglary,2025-04-10 13:24:36.553319,23,Evening,Thursday
Sadar,21.09766,79.042775,Crimes_Against_Women,2024-09-18 07:24:36.553336,17,Afternoon,Wednesday
Jaripatka,21.098511,79.108185,Theft_Burglary,2025-02-12 11:24:36.553352,21,Evening,Wednesday
Ajni,21.106788,79.04979,Theft_Burglary,2024-10-15 18:24:36.553368,4,Night,Tuesday
Manewada,21.155624,79.119473,Other,2025-05-22 19:24:36.553384,5,Night,Thursday
Jaripatka,21.192859,79.058525,Robbery_Snatching,2025-07-02 03:24:36.553400,13,Afternoon,Wednesday
Itwari,21.09459,79.113538,Assault_Violence,2025-06-26 12:24:36.553416,22,Evening,Thursday
Sitabuldi,21.156871,79.147833,Crimes_Against_Women,2024-10-11 00:24:36.553432,10,Morning,Friday
Sadar,21.122145,79.046068,Assault_Violence,2025-05-07 18:24:36.553449,4,Night,Wednesday
Ajni,21.098144,79.062955,Theft_Burglary,2024-12-26 04:24:36.553471,14,Afternoon,Thursday
Mahal,21.151456,79.053212,Assault_Violence,2024-12-30 12:24:36.553489,22,Evening,Monday
Sadar,21.103949,79.129259,Crimes_Against_Women,2025-06-10 11:24:36.553506,21,Evening,Tuesday
Mahal,21.127933,79.074386,Robbery_Snatching,2025-03-23 11:24:36.553522,21,Evening,Sunday
Sitabuldi,21.165854,79.104375,Crimes_Against_Women,2025-06-05 10:24:36.553539,20,Evening,Thursday
Sadar,21.144331,79.070906,Other,2024-11-07 03:24:36.553557,13,Afternoon,Thursday
Sadar,21.089121,79.039886,Robbery_Snatching,2024-10-10 16:24:36.553575,2,Night,Thursday
Mankapur,21.177276,79.14037,Theft_Burglary,2025-08-03 03:24:36.553591,13,Afternoon,Sunday
Dharampeth,21.10088,79.125422,Theft_Burglary,2025-04-15 13:24:36.553607,23,Evening,Tuesday
Dharampeth,21.101871,79.050386,Crimes_Against_Women,2024-12-19 08:24:36.553770,18,Evening,Thursday
Sitabuldi,21.176169,79.12332,Other,2024-10-18 08:24:36.553792,18,Evening,Friday
Ajni,21.1704,79.116917,Assault_Violence,2025-02-24 08:24:36.553809,18,Evening,Monday
Itwari,21.172511,79.037197,Crimes_Against_Women,2024-12-12 10:24:36.553825,20,Evening,Thursday
Manewada,21.105253,79.137396,Robbery_Snatching,2024-11-23 09:24:36.553842,19,Evening,Saturday
Ajni,21.175423,79.131984,Theft_Burglary,2025-05-23 23:24:36.553859,9,Morning,Friday
Mahal,21.155276,79.147163,Other,2025-01-19 06:24:36.553875,16,Afternoon,Sunday
Mahal,21.139345,79.086144,Theft_Burglary,2024-09-09 08:24:36.553891,18,Evening,Monday
Sadar,21.163138,79.089363,Theft_Burglary,2025-07-23 11:24:36.553907,21,Evening,Wednesday
Sitabuldi,21.198419,79.051789,Theft_Burglary,2025-04-12 10:24:36.553922,20,Evening,Saturday
Itwari,21.166732,79.123838,Other,2025-08-22 08:24:36.553939,18,Evening,Friday
Ajni,21.126494,79.137291,Other,2025-04-29 05:24:36.553957,15,Afternoon,Tuesday
Sitabuldi,21.118575,79.068,Crimes_Against_Women,2025-04-23 11:24:36.553975,21,Evening,Wednesday
Jaripatka,21.195599,79.037553,Theft_Burglary,2024-11-04 21:24:36.553991,7,Morning,Monday
Itwari,21.119827,79.022242,Assault_Violence,2025-05-28 01:24:36.554008,11,Morning,Wednesday
Sitabuldi,21.188748,79.145311,Other,2024-09-15 05:24:36.554024,15,Afternoon,Sunday
Dharampeth,21.129227,79.029956,Crimes_Against_Women,2024-08-31 09:24:36.554041,19,Evening,Saturday
Hudkeshwar,21.169958,79.104477,Robbery_Snatching,2025-07-03 10:24:36.554057,20,Evening,Thursday
Itwari,21.105455,79.058491,Crimes_Against_Women,2025-03-15 05:24:36.554073,15,Afternoon,Saturday
Mahal,21.158273,79.094358,Assault_Violence,2025-04-14 01:24:36.554090,11,Morning,Monday
Ajni,21.133572,79.101623,Other,2025-03-24 03:24:36.554106,13,Afternoon,Monday
Hudkeshwar,21.17065,79.059685,Theft_Burglary,2025-08-02 03:24:36.554122,13,Afternoon,Saturday
Sitabuldi,21.146678,79.100909,Crimes_Against_Women,2025-06-06 09:24:36.554139,19,Evening,Friday
Itwari,21.181503,79.032498,Theft_Burglary,2025-01-21 10:24:36.554162,20,Evening,Tuesday
Hudkeshwar,21.172104,79.070732,Theft_Burglary,2025-08-20 22:24:36.554179,8,Morning,Wednesday
Sadar,21.116923,79.12174,Theft_Burglary,2025-01-31 07:24:36.554197,17,Afternoon,Friday
Sadar,21.19223,79.025377,Theft_Burglary,2024-11-06 23:24:36.554214,9,Morning,Wednesday
Dharampeth,21.150716,79.112437,Other,2024-11-06 07:24:36.554231,17,Afternoon,Wednesday
Jaripatka,21.155519,79.120042,Crimes_Against_Women,2025-01-02 04:24:36.554247,14,Afternoon,Thursday
Sadar,21.10526,79.104939,Robbery_Snatching,2024-09-27 07:24:36.554264,17,Afternoon,Friday
Sitabuldi,21.107012,79.044824,Crimes_Against_Women,2025-08-08 13:24:36.554279,23,Evening,Friday
Dharampeth,21.199246,79.061328,Other,2024-11-13 18:24:36.554297,4,Night,Wednesday
Mahal,21.134855,79.047979,Assault_Violence,2025-05-16 23:24:36.554313,9,Morning,Friday
Manewada,21.081483,79.120877,Assault_Violence,2025-02-04 11:24:36.554329,21,Evening,Tuesday
Sadar,21.179728,79.083232,Other,2025-03-21 07:24:36.554344,17,Afternoon,Friday
Itwari,21.08534,79.02898,Robbery_Snatching,2025-04-05 09:24:36.554360,19,Evening,Saturday
Sitabuldi,21.132092,79.042023,Theft_Burglary,2025-04-08 19:24:36.554377,5,Night,Tuesday
Mahal,21.092348,79.038979,Theft_Burglary,2024-08-30 10:24:36.554393,20,Evening,Friday
Mahal,21.161475,79.045289,Theft_Burglary,2025-01-23 02:24:36.554409,12,Afternoon,Thursday
Jaripatka,21.144035,79.084857,Crimes_Against_Women,2024-11-01 11:24:36.554425,21,Evening,Friday
Sitabuldi,21.195244,79.044915,Assault_Violence,2024-09-02 23:24:36.554443,9,Morning,Monday
Manewada,21.111054,79.022081,Crimes_Against_Women,2025-03-17 13:24:36.554458,23,Evening,Monday
Sitabuldi,21.147611,79.115218,Robbery_Snatching,2025-04-09 20:24:36.554475,6,Morning,Wednesday
Jaripatka,21.090549,79.098613,Assault_Violence,2024-11-18 23:24:36.554491,9,Morning,Monday
Itwari,21.114708,79.075267,Other,2024-08-27 07:24:36.554507,17,Afternoon,Tuesday
Sadar,21.137877,79.114802,Theft_Burglary,2024-09-12 06:24:36.554523,16,Afternoon,Thursday
Mahal,21.182156,79.059807,Assault_Violence,2024-11-05 14:24:36.554539,0,Night,Tuesday
Mankapur,21.128675,79.054245,Other,2024-11-10 10:24:36.554556,20,Evening,Sunday
Sitabuldi,21.117039,79.090166,Other,2024-09-25 12:24:36.554574,22,Evening,Wednesday
Itwari,21.188504,79.092847,Other,2025-02-01 23:24:36.554589,9,Morning,Saturday
Ajni,21.121554,79.125576,Other,2025-01-17 17:24:36.554605,3,Night,Friday
Itwari,21.095953,79.149879,Theft_Burglary,2025-03-09 11:24:36.554621,21,Evening,Sunday
Hudkeshwar,21.096743,79.138501,Robbery_Snatching,2025-06-06 10:24:36.554637,20,Evening,Friday
Dharampeth,21.096692,79.075831,Theft_Burglary,2024-12-06 11:24:36.554655,21,Evening,Friday
Sitabuldi,21.179305,79.063634,Robbery_Snatching,2025-06-17 01:24:36.554676,11,Morning,Tuesday
Sadar,21.099178,79.064566,Crimes_Against_Women,2024-11-06 23:24:36.554694,9,Morning,Wednesday
Manewada,21.173777,79.123532,Crimes_Against_Women,2024-10-31 09:24:36.554710,19,Evening,Thursday
Mankapur,21.181656,79.040075,Assault_Violence,2024-09-08 04:24:36.554729,14,Afternoon,Sunday
Jaripatka,21.146713,79.061792,Assault_Violence,2025-01-23 09:24:36.554746,19,Evening,Thursday
Itwari,21.174268,79.043923,Theft_Burglary,2025-01-03 14:24:36.554763,0,Night,Friday
Jaripatka,21.183898,79.115559,Crimes_Against_Women,2025-08-12 05:24:36.554779,15,Afternoon,Tuesday
Jaripatka,21.162117,79.058768,Crimes_Against_Women,2025-04-26 08:24:36.554796,18,Evening,Saturday
Hudkeshwar,21.092694,79.106076,Assault_Violence,2025-05-13 09:24:36.554813,19,Evening,Tuesday
Mankapur,21.092267,79.032888,Assault_Violence,2025-05-13 17:24:36.554828,3,Night,Tuesday
Sitabuldi,21.148414,79.095837,Assault_Violence,2025-01-21 11:24:36.554850,21,Evening,Tuesday
Mahal,21.112503,79.083351,Crimes_Against_Women,2024-10-24 10:24:36.554868,20,Evening,Thursday
Itwari,21.108327,79.111497,Theft_Burglary,2025-06-20 08:24:36.554885,18,Evening,Friday
Itwari,21.173255,79.099687,Robbery_Snatching,2025-01-27 09:24:36.554902,19,Evening,Monday
Itwari,21.162974,79.024188,Robbery_Snatching,2025-01-03 09:24:36.554918,19,Evening,Friday
Hudkeshwar,21.099029,79.036292,Crimes_Against_Women,2025-05-27 09:24:36.554935,19,Evening,Tuesday
Dharampeth,21.124001,79.031431,Crimes_Against_Women,2024-10-04 06:24:36.554951,16,Afternoon,Friday
Dharampeth,21.141714,79.029533,Assault_Violence,2025-05-16 03:24:36.554968,13,Afternoon,Friday
Sitabuldi,21.180949,79.131213,Crimes_Against_Women,2025-03-04 04:24:36.554983,14,Afternoon,Tuesday
Itwari,21.126834,79.129297,Crimes_Against_Women,2025-06-02 16:24:36.555000,2,Night,Monday
Dharampeth,21.164948,79.084358,Assault_Violence,2025-01-25 02:24:36.555016,12,Afternoon,Saturday
Sitabuldi,21.143711,79.148907,Other,2024-12-14 11:24:36.555032,21,Evening,Saturday
Jaripatka,21.137051,79.119429,Crimes_Against_Women,2024-12-25 10:24:36.555048,20,Evening,Wednesday
Sitabuldi,21.127854,79.146864,Crimes_Against_Women,2025-07-16 02:24:36.555064,12,Afternoon,Wednesday
Ajni,21.147216,79.141488,Other,2025-06-21 14:24:36.555079,0,Night,Saturday
Itwari,21.181268,79.112198,Crimes_Against_Women,2025-05-25 06:24:36.555096,16,Afternoon,Sunday
Jaripatka,21.129579,79.080264,Crimes_Against_Women,2024-11-06 22:24:36.555111,8,Morning,Wednesday
Mahal,21.17501,79.067109,Assault_Violence,2025-04-16 19:24:36.555128,5,Night,Wednesday
Jaripatka,21.131566,79.133068,Crimes_Against_Women,2024-08-23 03:24:36.555144,13,Afternoon,Friday
Itwari,21.139855,79.126006,Crimes_Against_Women,2025-01-28 12:24:36.555160,22,Evening,Tuesday
Jaripatka,21.170263,79.112726,Robbery_Snatching,2024-12-30 11:24:36.555176,21,Evening,Monday
Itwari,21.125429,79.143499,Assault_Violence,2024-08-30 08:24:36.555197,18,Evening,Friday
Itwari,21.115775,79.104041,Crimes_Against_Women,2024-11-21 06:24:36.555218,16,Afternoon,Thursday
Ajni,21.161035,79.138697,Theft_Burglary,2025-01-21 11:24:36.555236,21,Evening,Tuesday
Sadar,21.127931,79.066671,Other,2024-10-12 08:24:36.555276,18,Evening,Saturday
Sitabuldi,21.082872,79.067646,Crimes_Against_Women,2025-05-27 11:24:36.555295,21,Evening,Tuesday
Manewada,21.132139,79.124784,Crimes_Against_Women,2025-05-07 05:24:36.555312,15,Afternoon,Wednesday
Dharampeth,21.185581,79.050596,Crimes_Against_Women,2025-05-16 08:24:36.555328,18,Evening,Friday
Mankapur,21.174862,79.026926,Theft_Burglary,2025-05-12 09:24:36.555343,19,Evening,Monday
Jaripatka,21.143366,79.062189,Assault_Violence,2024-09-27 11:24:36.555359,21,Evening,Friday
Dharampeth,21.135306,79.067623,Robbery_Snatching,2024-09-08 13:24:36.555375,23,Evening,Sunday
Itwari,21.112348,79.036978,Crimes_Against_Women,2025-07-11 23:24:36.555392,9,Morning,Friday
Jaripatka,21.112747,79.076363,Assault_Violence,2025-01-15 08:24:36.555409,18,Evening,Wednesday
Mahal,21.132311,79.108071,Theft_Burglary,2025-03-23 08:24:36.555425,18,Evening,Sunday
Dharampeth,21.180286,79.115041,Crimes_Against_Women,2024-11-14 20:24:36.555442,6,Morning,Thursday
Sitabuldi,21.105938,79.04986,Other,2025-08-22 05:24:36.555458,15,Afternoon,Friday
Dharampeth,21.08032,79.12977,Assault_Violence,2025-04-20 10:24:36.555474,20,Evening,Sunday
Hudkeshwar,21.16941,79.082856,Crimes_Against_Women,2025-01-16 04:24:36.555490,14,Afternoon,Thursday
Sadar,21.109183,79.066549,Crimes_Against_Women,2024-10-13 12:24:36.555505,22,Evening,Sunday
Mankapur,21.196765,79.031784,Robbery_Snatching,2025-04-09 04:24:36.555521,14,Afternoon,Wednesday
Mahal,21.116874,79.131943,Theft_Burglary,2024-11-06 09:24:36.555537,19,Evening,Wednesday
Dharampeth,21.198983,79.032216,Crimes_Against_Women,2024-12-29 14:24:36.555554,0,Night,Sunday
Itwari,21.155146,79.11015,Crimes_Against_Women,2024-08-27 14:24:36.555569,0,Night,Tuesday
Mahal,21.094623,79.130316,Assault_Violence,2025-02-25 03:24:36.555585,13,Afternoon,Tuesday
Sadar,21.119032,79.146964,Theft_Burglary,2025-01-07 23:24:36.555600,9,Morning,Tuesday
Jaripatka,21.123283,79.085089,Assault_Violence,2024-08-31 08:24:36.555618,18,Evening,Saturday
Mahal,21.17821,79.032643,Crimes_Against_Women,2025-01-04 09:24:36.555633,19,Evening,Saturday
Mankapur,21.188001,79.021184,Theft_Burglary,2025-03-25 10:24:36.555650,20,Evening,Tuesday
